Site,Observer,Subpoint,VOR,PDB,DBHt,PW,WHt,PE,EHt,PA,AHt,PH,HHt,PL,LHt,PB
BunkerHill27,RA,1,6,3,5.2,0,0,4,2.9,0,0,4,3,0,0,0
BunkerHill27,RA,2,4.5,2,3.1,3,4.7,3,4.1,0,0,3,3.5,2,1,0
BunkerHill27,RA,3,2,4,5.5,1,5.8,3,3.9,0,0,3,7.5,0,0,0
BunkerHill27,RA,4,2.5,3,6.2,0,0,3,4,0,0,4,5,0,0,0
BunkerHill27,RA,5,4,4,5.4,0,0,3,3.5,0,0,4,3.7,0,0,0
BunkerHill27,JT,6,2,3,4,0,0,3,4.1,0,0,2,3.5,0,0,0
BunkerHill27,JT,7,5.5,3,5.2,2,6.3,2,2.6,0,0,4,5.8,0,0,0
BunkerHill27,JT,8,4,2,4.4,1,4.1,2,4.3,0,0,5,8.2,0,0,0
BunkerHill27,JT,9,3.5,2,5.7,1,5.7,2,5.2,0,0,4,6.9,0,0,0
BunkerHill27,JT,10,3.5,2,4.8,0,0,1,1.7,0,0,5,5.7,0,0,0
BunkerHill26,RA,1,2,2,3.6,2,1,3,2.3,0,0,3,3,0,0,0
BunkerHill26,RA,2,4.5,3,6,2,6.1,2,4.5,0,0,4,4.1,0,0,0
BunkerHill26,RA,3,2,3,3.1,2,3,2,1.4,0,0,5,2.9,0,0,0
BunkerHill26,RA,4,1,2,5,2,0.9,4,1.5,0,0,3,3.4,0,0,0
BunkerHill26,RA,5,2,3,2.9,1,0.8,3,2,0,0,4,3,0,0,0
BunkerHill26,JT,6,2,1,1.2,1,0.6,1,2.7,0,0,4,4.7,0,0,0
BunkerHill26,JT,7,2.5,2,2.1,1,0.4,2,2.7,0,0,5,5.2,0,0,0
BunkerHill26,JT,8,2.5,3,3.8,0,0,1,2.2,0,0,3,5.8,0,0,1
BunkerHill26,JT,9,2,1,2.4,1,1.7,1,1.8,0,0,5,5.2,0,0,0
BunkerHill26,JT,10,1,0,0,0,0,1,2.1,0,0,4,4.1,0,0,0
BunkerHill25,RA,1,4.5,1,1.1,2,2.7,1,2.8,0,0,4,3.9,0,0,0
BunkerHill25,RA,2,3,1,1,2,0.8,2,2.3,0,0,5,3.1,0,0,0
BunkerHill25,RA,3,1,0,0,1,0.7,2,1.5,0,0,4,2.1,2,0.2,0
BunkerHill25,RA,4,2,2,2.3,2,2.5,2,0.5,0,0,4,3.5,0,0,0
BunkerHill25,RA,5,3.5,2,1.5,2,1.1,2,2,0,0,5,2.9,0,0,0
BunkerHill25,JT,6,1,2,1.2,2,2.7,3,1.2,0,0,2,2.2,3,0.4,0
BunkerHill25,JT,7,4,3,3.4,1,0.6,2,3.7,0,0,3,5.5,0,0,0
BunkerHill25,JT,8,2,3,3.4,2,2.4,2,1.7,0,0,3,4.1,0,0,0
BunkerHill12,JT,9,3.5,0,0,0,0,0,0,6,31.5,4,4.6,0,0,0
BunkerHill12,JT,10,2,0,0,0,0,0,0,6,28.5,3,3.1,0,0,0
BunkerHill13,RA,1,19,0,0,4,0.4,1,1.5,0,0,2,1.3,0,0,2
BunkerHill13,RA,2,19,0,0,2,10.5,0,0,4,11.7,1,3.5,0,0,3
BunkerHill13,RA,3,19,2,3.3,4,5.6,2,2.7,2,5.5,1,2.5,0,0,0
BunkerHill13,RA,4,19,1,7,5,9.3,2,3.7,0,0,1,3.9,0,0,0
BunkerHill13,RA,5,19,1,2,2,4.8,1,2.2,3,10.4,3,2.9,0,0,3
BunkerHill13,JT,6,2.5,2,4.6,2,4.1,2,3.8,0,0,2,3.9,0,0,0
BunkerHill13,JT,7,1,0,0,2,0.3,2,1.4,0,0,3,2.1,0,0,0
BunkerHill13,JT,8,2.5,2,3,1,1.2,2,2.4,0,0,4,4.5,0,0,0
BunkerHill13,JT,9,1,1,1.3,2,0.7,2,2.2,0,0,4,3.1,0,0,0
BunkerHill13,JT,10,0.5,1,1.5,3,2.5,2,2.9,0,0,3,4.1,0,0,0
BunkerHill14,RA,1,0.5,0,0,1,0.7,3,1.3,0,0,3,2,1,0.1,0
BunkerHill14,RA,2,1,1,0.8,1,0.5,3,1.5,0,0,3,6.2,2,0.3,0
BunkerHill14,RA,3,2.5,2,2.5,2,2.4,4,2.2,0,0,2,2,1,0.1,0
BunkerHill14,RA,4,1,3,1.5,1,1.7,3,1.8,0,0,3,3.5,1,0.5,0
BunkerHill14,RA,5,1.5,4,1.8,1,1.6,3,0.7,0,0,3,2.5,1,0.4,0
BunkerHill14,JT,6,0.5,0,0,0,0,2,1.5,0,0,2,3,0,0,0
BunkerHill14,JT,7,1,1,1.4,1,0.8,3,1.4,0,0,4,3.2,0,0,0
BunkerHill14,JT,8,1,1,0.9,2,1.1,2,1,0,0,4,3.1,0,0,0
BunkerHill14,JT,9,1.5,2,1.7,2,2.5,3,2,0,0,2,2.3,0,0,0
BunkerHill14,JT,10,3.5,3,5.4,0,0,2,3.2,0,0,1,2.5,0,0,0
BunkerHill15,RA,1,0,0,0,0,0,3,0.2,0,0,1,1,4,0.2,0
BunkerHill15,RA,2,0,0,0,1,0.1,4,0.5,0,0,1,1.2,3,0.1,1
BunkerHill15,RA,3,0,0,0,0,0,3,0.2,0,0,1,1.6,4,0.4,0
BunkerHill15,RA,4,0,0,0,0,0,4,0.3,0,0,1,1.6,3,0.4,0
BunkerHill15,RA,5,0,0,0,0,0,3,0.4,0,0,1,0.5,4,0.3,0
BunkerHill15,JT,6,0,0,0,0,0,4,0.5,0,0,0,0,3,0,1
BunkerHill15,JT,7,0,0,0,0,0,3,0.7,0,0,1,0.6,2,0.2,2
BunkerHill15,JT,8,0,0,0,0,0,4,0.6,0,0,1,1.3,3,0.1,2
BunkerHill15,JT,9,0,0,0,0,0,3,0.6,0,0,1,0.2,2,0.2,2
BunkerHill15,JT,10,0,0,0,0,0,2,0.7,0,0,1,0.9,3,0.1,3
BunkerHill16,RA,1,2,2,2.4,2,2.5,0,0,0,0,4,3.1,0,0,0
BunkerHill16,RA,2,2.5,3,2.3,1,1,2,1.5,0,0,4,4.6,1,0.3,0
BunkerHill16,RA,3,1,3,2.7,1,0.8,3,1.2,0,0,4,3.1,1,0.1,0
BunkerHill16,RA,4,1,1,1.2,2,1.9,2,1.4,0,0,4,3.4,1,0.3,0
BunkerHill16,RA,5,3,1,1,2,2.4,1,1.1,0,0,4,3.4,0,0,0
BunkerHill16,JT,6,3,2,3.6,2,1.9,2,2.1,0,0,3,6.5,0,0,0
BunkerHill16,JT,7,4,2,3.9,2,3.2,2,2.5,0,0,3,6.7,0,0,0
BunkerHill16,JT,8,2.5,1,3.2,1,1.6,3,1.7,0,0,3,5.7,0,0,0
BunkerHill16,JT,9,2,1,2.3,3,4.6,0,0,0,0,4,4.3,0,0,0
BunkerHill16,JT,10,1,1,0.8,2,0.7,1,0.2,0,0,5,3.6,0,0,0
BunkerHill17,RA,1,1.5,1,1.5,3,2.3,0,0,0,0,3,3,0,0,0
BunkerHill17,RA,2,1,2,2.8,2,0.9,2,1.5,0,0,4,3,1,0.2,0
BunkerHill17,RA,3,2,3,3.4,2,2.3,2,1.1,0,0,2,1.5,1,0.2,0
BunkerHill17,RA,4,4.5,1,3.5,4,5.8,0,0,0,0,3,4.7,0,0,0
BunkerHill17,RA,5,6,1,0.9,1,1.5,4,2.2,0,0,4,2.9,0,0,0
BunkerHill17,JT,6,3.5,2,3.5,2,3.6,1,3.8,0,0,5,5.4,0,0,0
BunkerHill17,JT,7,1,1,1.6,1,1,2,1.6,0,0,4,4.7,0,0,0
BunkerHill17,JT,8,3,4,4.1,2,4.4,2,4.2,0,0,1,6.9,0,0,0
BunkerHill17,JT,10,1,3,2.6,0,0,3,2,0,0,3,3.5,0,0,0
BunkerHill17,JT,9,1,2,2.3,1,2,3,2.4,0,0,2,3.1,1,0.4,0
BunkerHill25,JT,9,3.5,1,2.4,2,3.2,2,2.7,0,0,3,4.9,0,0,0
BunkerHill25,JT,10,5,2,3.7,2,5.8,2,4.8,0,0,3,6.3,0,0,1
BunkerHill24,RA,1,2,2,2.2,0,0,4,2.4,0,0,4,2.5,0,0,0
BunkerHill24,RA,2,2,3,2.1,2,4.5,4,1.6,0,0,4,2.7,0,0,0
BunkerHill24,RA,3,1,3,2.6,0,0,4,2,0,0,4,3.6,0,0,0
BunkerHill24,RA,4,2.5,3,4,0,0,4,2.1,0,0,3,3.1,0,0,0
BunkerHill24,RA,5,2.5,4,2.5,2,3.5,4,1.8,0,0,3,3.4,0,0,0
BunkerHill24,JT,6,2.5,1,2,0,0,3,2.6,0,0,2,4.9,0,0,0
BunkerHill24,JT,7,2.5,2,2.8,2,2.2,3,2.7,0,0,2,5.3,0,0,0
BunkerHill24,JT,8,2,2,2.3,0,0,3,3.4,0,0,2,4.3,0,0,0
BunkerHill24,JT,9,1,0,0,0,0,0,0,0,0,1,3,5,0.3,1
BunkerHill24,JT,10,0.5,2,2.3,0,0,2,1.5,0,0,2,1.9,4,0.4,0
BunkerHill23,RA,1,2.5,2,2.3,0,0,3,3.3,0,0,5,4.2,0,0,0
BunkerHill23,RA,2,1.5,2,2.9,0,0,4,2.1,0,0,4,3.1,0,0,0
BunkerHill23,RA,3,3,1,1.9,1,1.4,3,2,0,0,4,4.2,0,0,0
BunkerHill23,RA,4,2.5,1,1.5,1,2.2,4,3.1,0,0,3,3.1,1,0.2,0
BunkerHill23,RA,5,1.5,3,2.4,0,0,4,0.9,0,0,3,3.8,1,0.2,0
BunkerHill23,JT,6,1.5,1,1.3,0,0,2,1.4,0,0,3,3.3,0,0,0
BunkerHill23,JT,7,3,1,1.8,0,0,3,2.7,0,0,4,5.1,2,0.4,0
BunkerHill23,JT,8,0.5,2,2,0,0,2,1.6,0,0,4,3.6,0,0,1
BunkerHill23,JT,9,1,2,2.3,0,0,3,1.3,0,0,3,4.4,0,0,0
BunkerHill23,JT,10,1.5,2,1.7,0,0,3,1,0,0,4,3.6,0,0,0
BunkerHill22,RA,1,2,1,1.8,0,0,1,1.5,0,0,6,3.5,0,0,0
BunkerHill22,RA,2,2,2,1.9,1,3,2,1.1,0,0,5,4.2,1,0.1,0
BunkerHill22,RA,3,2.5,2,1.8,2,2.8,2,1.4,0,0,4,4,0,0,0
BunkerHill22,RA,4,3.5,2,0.8,3,3,1,1.3,0,0,5,5.5,0,0,0
BunkerHill22,RA,5,3,2,1.6,1,1.5,2,2.9,0,0,5,4.3,0,0,0
BunkerHill22,JT,6,1.5,2,3.2,2,3,3,2.8,0,0,3,4.6,0,0,0
BunkerHill22,JT,7,2,3,4.3,0,0,4,3,0,0,1,4.6,0,0,0
BunkerHill22,JT,8,1.5,2,2.9,2,1.2,3,1.7,0,0,3,4.8,2,0.4,0
BunkerHill22,JT,9,2.5,2,2.8,2,0.8,2,0.8,0,0,2,4.8,0,0,0
BunkerHill22,JT,10,1.5,1,0.9,2,4.1,2,2.8,0,0,4,4.5,0,0,0
BunkerHill21,RA,1,1,2,1.2,0,0,4,0.8,0,0,3,1.9,2,0.5,0
BunkerHill21,RA,2,0.5,0,0,0,0,1,0.9,0,0,6,2.3,0,0,0
BunkerHill21,RA,3,2,1,2.2,0,0,0,0,0,0,5,3.3,0,0,0
BunkerHill21,RA,4,1,1,1.1,1,1.2,1,1.5,0,0,5,2.6,0,0,0
BunkerHill21,RA,5,1,0,0,1,0.8,2,1.1,0,0,5,2.1,1,0.1,0
BunkerHill21,JT,6,0,1,0.9,1,0.8,2,0.4,0,0,2,1.8,1,0.2,0
BunkerHill21,JT,7,0,2,0.6,0,0,3,0.6,0,0,2,1.8,4,0.5,0
BunkerHill21,JT,8,0,0,0,0,0,4,0.5,0,0,1,0.7,4,0.6,0
BunkerHill21,JT,9,0,0,0,0,0,3,0.6,0,0,2,1.4,4,0.5,0
BunkerHill21,JT,10,0,0,0,0,0,3,0.7,0,0,1,2.1,3,0.4,0
BunkerHill11,RA,1,1.5,3,2.5,0,0,3,1.7,0,0,3,3.3,0,0,0
BunkerHill11,RA,2,4.5,2,2.4,0,0,3,2.8,0,0,3,2.5,0,0,0
BunkerHill11,RA,3,1,2,3.5,0,0,2,2.6,0,0,1,2,0,0,4
BunkerHill11,RA,4,3,0,0,2,6.3,4,3.7,1,9.7,3,5.4,0,0,0
BunkerHill11,RA,5,3.5,0,0,2,5.3,3,4,0,0,4,4.6,0,0,2
BunkerHill11,JT,6,5.5,4,7.3,0,0,2,1.7,0,0,1,2.2,0,0,0
BunkerHill11,JT,7,4,4,4.4,2,4.5,4,1.7,0,0,1,2.2,0,0,0
BunkerHill11,JT,8,8,4,9.9,0,0,2,4.2,0,0,1,4.1,0,0,0
BunkerHill11,JT,9,5.5,3,6.2,2,6.5,3,5.3,0,0,1,4.2,0,0,0
BunkerHill11,JT,10,9,3,8.8,0,0,3,3.2,0,0,0,0,0,0,0
BunkerHill12,RA,1,0,0,0,0,0,3,1.9,0,0,2,2.9,1,0.1,4
BunkerHill12,RA,2,3.5,2,2.7,5,4.5,2,2.6,1,7.8,2,3,0,0,0
BunkerHill12,RA,3,16.5,3,4.1,0,0,3,2,0,0,2,3.6,0,0,0
BunkerHill12,RA,4,10.5,2,2.5,0,0,3,3.3,5,19.2,1,2.7,0,0,0
BunkerHill12,RA,5,2,3,3,0,0,4,2.6,0,0,2,4,1,0.1,0
BunkerHill12,JT,6,2,0,0,0,0,0,0,5,27,4,4.3,0,0,0
BunkerHill12,JT,7,2.5,0,0,0,0,0,0,5,28,1,2.1,0,0,1
BunkerHill12,JT,8,4.5,0,0,0,0,0,0,6,19.5,2,3.8,0,0,0
CreteCreek18,RA,3,1,2,0.7,0,0,2,1.5,0,0,4,3,2,0.7,0
CreteCreek18,RA,4,0.5,0,0,0,0,3,1,0,0,3,2,2,0.5,0
CreteCreek18,RA,5,1,0,0,0,0,3,0.7,0,0,3,2.8,2,0.3,0
CreteCreek18,RR,6,1,1,2.5,0,0,2,1.4,0,0,6,3.5,0,0,0
CreteCreek18,RR,7,0.5,2,0.8,0,0,3,0.7,0,0,2,2,4,0.3,0
CreteCreek18,RR,8,1,1,1.6,0,0,2,1.3,0,0,6,4.7,0,0,1
CreteCreek18,RR,9,0.5,1,1.8,0,0,4,2.2,0,0,3,3.1,3,0.7,0
CreteCreek18,RR,10,1,1,1.2,0,0,3,1.4,0,0,5,3.6,0,0,0
CreteCreek16,RA,1,0.5,1,0.6,1,0.8,2,1.9,0,0,5,3.3,1,0.3,0
CreteCreek16,RA,2,1,1,1,0,0,2,1,0,0,4,2,2,0.5,0
CreteCreek16,RA,3,2.5,0,0,1,1.2,2,1.9,0,0,4,2.6,1,0.6,0
CreteCreek16,RA,4,0.5,1,0.9,1,0.5,2,1.4,0,0,5,2.5,2,0.8,0
CreteCreek16,RA,5,1.5,1,1.7,0,0,1,0.7,0,0,5,2.7,0,0,0
CreteCreek16,RR,6,1,0,0,1,0.6,3,1.3,0,0,4,2.9,3,0.6,0
CreteCreek16,RR,7,1,2,1.2,0,0,3,1.1,0,0,4,2.8,3,0.7,0
CreteCreek16,RR,8,0.5,2,1,0,0,3,1.6,0,0,3,3,4,0.4,0
CreteCreek16,RR,9,0,2,0.7,0,0,3,1.2,0,0,3,1.5,4,0.4,0
CreteCreek16,RR,10,0,1,1.1,0,0,3,1.1,0,0,3,2.3,4,0.5,0
CreteCreek14,RA,1,0.5,2,1.8,1,1,2,1.7,0,0,4,2.4,2,0.2,0
CreteCreek14,RA,2,0.5,1,0.6,1,1.3,2,1.1,0,0,6,2.6,1,0.3,0
CreteCreek14,RA,3,1,3,1.4,1,0.7,2,1.3,0,0,4,2,2,0.4,0
CreteCreek14,RA,4,0.5,2,0.9,2,0.3,1,0.5,0,0,4,2.5,1,0.1,0
CreteCreek14,RA,5,1,2,0.9,1,0.4,2,0.7,0,0,4,2.6,2,0.8,0
CreteCreek14,RR,6,0,2,1.1,0,0,3,0.5,0,0,3,2.1,3,0.6,0
CreteCreek14,RR,7,0.5,2,0.7,2,0.6,1,0.6,0,0,3,2.5,4,0.4,0
CreteCreek14,RR,8,1.5,3,0.9,1,1.1,4,1,0,0,4,3,2,0.4,0
CreteCreek14,RR,9,0.5,2,1.1,1,1.3,4,0.8,0,0,3,1.9,3,0.5,0
CreteCreek14,RR,10,0.5,1,1,2,0.8,2,0.7,0,0,3,2.6,3,0.7,0
CreteCreek12,RA,1,1,2,0.9,0,0,1,0.5,0,0,3,2.8,3,0.5,0
CreteCreek12,RA,2,1.5,2,2,2,1.3,1,1.1,0,0,5,2.9,0,0,0
CreteCreek12,RA,3,1,2,1.1,0,0,2,1.1,0,0,3,2.7,2,0.5,0
CreteCreek12,RA,4,1.5,3,2.5,2,1.6,3,1.8,0,0,4,3.3,1,0.8,0
CreteCreek12,RA,5,1,3,1.6,1,1.1,1,1.4,0,0,4,2.3,0,0,0
CreteCreek12,RR,6,1.5,0,0,2,1.7,2,2,0,0,5,3.9,0,0,0
CreteCreek12,RR,7,0.5,3,0.5,1,1.1,1,0.5,0,0,5,2.9,2,0.6,0
CreteCreek12,RR,8,1,3,1.6,0,0,3,1.4,0,0,4,3,2,0.8,0
CreteCreek12,RR,9,0.5,2,1.2,1,1,3,0.9,0,0,5,3.3,0,0,1
CreteCreek12,RR,10,1,3,1.7,2,1.6,2,1.2,0,0,4,4,0,0,0
CreteCreek24,RA,1,0.5,0,0,0,0,0,0,0,0,1,0.4,3,0.4,6
CreteCreek24,RA,2,0.5,0,0,0,0,0,0,0,0,0,0,3,0.1,6
CreteCreek24,RA,3,0.5,0,0,2,0.2,0,0,0,0,1,0.4,3,0.2,6
CreteCreek24,RA,4,1,0,0,0,0,0,0,0,0,0,0,2,0.1,6
CreteCreek24,RA,5,0.5,0,0,2,0.1,0,0,0,0,2,1,2,0.1,5
CreteCreek24,RR,6,1.5,0,0,0,0,0,0,0,0,1,0.8,2,0,6
CreteCreek24,RR,7,1,0,0,0,0,0,0,0,0,0,0,2,0.1,6
CreteCreek24,RR,8,0,0,0,0,0,0,0,0,0,0,0,3,0.2,6
CreteCreek24,RR,9,0,0,0,0,0,0,0,0,0,0,0,3,0.5,6
CreteCreek24,RR,10,0.5,0,0,0,0,0,0,0,0,0,0,4,0.1,5
CreteCreek22,RA,1,0.5,0,0,0,0,3,0.6,0,0,3,1.4,1,0.2,3
CreteCreek22,RA,2,0,0,0,1,0.2,4,0.7,0,0,2,2.7,4,0.4,1
CreteCreek120,RA,1,1,1,1.7,1,1.1,2,1.4,0,0,5,3.2,1,0.6,0
CreteCreek120,RA,2,0.5,1,0.5,0,0,2,0.4,0,0,3,2.3,3,0.4,0
CreteCreek120,RA,3,1.5,1,1.4,0,0,1,0.5,0,0,6,4.1,0,0,0
CreteCreek120,RA,4,1,3,1.4,0,0,2,1.1,0,0,4,2.4,1,0.5,0
CreteCreek120,RA,5,1,2,1.5,1,0.5,0,0,0,0,4,2.1,0,0,0
CreteCreek120,RR,6,1.5,1,1.4,0,0,1,1.6,0,0,5,3.2,0,0,0
CreteCreek120,RA,7,1.5,2,1.5,0,0,1,2,0,0,5,3.3,1,0.6,1
CreteCreek120,RA,8,0.5,1,1,0,0,3,1.1,0,0,2,1.9,3,0.5,0
CreteCreek120,RA,9,1,2,0.9,0,0,3,0.9,0,0,3,2.7,2,1,0
CreteCreek120,RA,10,0.5,2,0.8,1,0.5,2,1.7,0,0,4,2.6,2,0.3,0
CreteCreek118,RA,1,0.5,1,1.2,1,1,2,1.1,0,0,5,2.7,1,0.8,0
CreteCreek118,RA,2,1.5,0,0,0,0,2,1.6,0,0,5,3.8,0,0,0
CreteCreek118,RA,3,2.5,1,1,0,0,2,1.3,0,0,5,3,1,0.3,0
CreteCreek118,RA,4,1,2,0.8,1,1.4,1,1.3,0,0,5,2.9,1,0.4,0
CreteCreek118,RA,5,2,1,0.9,0,0,2,1.6,0,0,5,2.3,2,0.8,0
CreteCreek118,RR,6,1,1,1.1,0,0,3,0.9,0,0,3,2.2,3,0.2,0
CreteCreek118,RR,7,1,2,1.6,0,0,3,1.2,0,0,4,3.2,2,0.9,0
CreteCreek118,RR,8,1,1,1.8,0,0,2,1.6,0,0,4,3.4,1,0.6,0
CreteCreek118,RR,9,0.5,1,1,1,0.6,3,1.1,0,0,4,2.9,1,1,0
CreteCreek118,RR,10,1,3,2.2,1,1.7,2,1.4,0,0,5,4.5,0,0,0
CreteCreek116,RA,1,1,3,1,0,0,2,0.9,0,0,3,2.7,2,0.6,0
CreteCreek116,RA,2,1,2,1.2,0,0,3,0.9,0,0,4,2.9,1,0.8,0
CreteCreek116,RA,3,1.5,0,0,1,1.9,0,0,0,0,6,4,0,0,0
CreteCreek116,RA,4,1.5,2,1.2,0,0,2,0.9,0,0,5,2.1,0,0,0
CreteCreek116,RA,5,1.5,1,1.2,1,0.9,0,0,0,0,5,3,0,0,0
CreteCreek116,RR,6,1.5,2,1.1,1,0.9,2,0.7,0,0,4,2.6,2,0.4,0
CreteCreek116,RR,7,1.5,0,0,2,1.9,0,0,0,0,6,3.8,0,0,0
CreteCreek116,RR,8,1,1,2.5,2,1.3,0,0,0,0,6,3.6,0,0,0
CreteCreek116,RR,9,1.5,2,2.4,0,0,3,2,0,0,5,3,4,0.5,0
CreteCreek116,RR,10,0.5,1,1.5,1,0.9,3,1.1,0,0,5,3.1,3,0.9,0
CreteCreek114,RA,1,1,3,1.3,0,0,1,1.5,0,0,5,3.1,0,0,0
CreteCreek114,RA,2,1,2,1,0,0,2,1.1,0,0,3,2.8,2,0.8,0
CreteCreek114,RA,3,1.5,1,0.7,0,0,2,1.1,0,0,4,2.7,0,0,0
CreteCreek114,RA,4,1.5,1,1,0,0,2,1.4,0,0,5,3.2,0,0,0
CreteCreek114,RA,5,2,2,1.4,0,0,2,1.4,0,0,5,3.5,0,0,0
CreteCreek114,RR,6,0.5,1,2,0,0,2,1.3,0,0,5,1.4,2,0.6,0
CreteCreek114,RR,7,0.5,1,1,0,0,2,0.9,0,0,5,1.1,2,0.6,0
CreteCreek114,RR,8,0.5,1,1.5,0,0,3,0.7,0,0,3,2,5,0.9,0
CreteCreek114,RR,9,0.5,1,1.2,0,0,3,1,0,0,3,3.2,3,0.7,0
CreteCreek114,RR,10,0.5,2,0.7,0,0,3,0.8,0,0,2,1.1,4,0.6,0
CreteCreek112,RA,1,1.5,1,1.3,1,0.9,1,1.5,0,0,6,2.3,0,0,0
CreteCreek112,RA,2,2,1,2,0,0,2,2.3,0,0,5,2.5,1,0.7,0
CreteCreek112,RA,3,1,1,1.8,0,0,1,1.5,0,0,5,2.8,0,0,0
CreteCreek112,RA,4,2,2,2,1,1,2,1.4,0,0,5,2.7,1,0.4,0
CreteCreek112,RA,5,1,2,1.3,0,0,2,1.5,0,0,5,2.1,2,0.5,0
CreteCreek112,RR,6,2.5,2,2.2,1,0.9,2,1.3,0,0,5,3.5,1,0.5,0
CreteCreek112,RR,7,1,3,1.6,0,0,3,1.8,0,0,5,2.7,3,0.7,0
CreteCreek112,RR,8,0.5,2,1.4,0,0,3,1.3,0,0,4,2.4,1,0.7,0
CreteCreek112,RR,9,1,1,0.7,0,0,1,1.8,0,0,6,2.8,1,0.5,0
CreteCreek112,RR,10,1,2,1.2,1,1,2,1.2,0,0,6,2.9,0,0,0
CreteCreek110,RA,1,1,2,0.9,0,0,2,1.4,0,0,4,3.6,1,0.3,0
CreteCreek110,RA,2,1,2,1.4,1,1.6,0,0,0,0,5,3.6,0,0,0
CreteCreek110,RA,3,0.5,2,1.1,0,0,3,0.9,0,0,3,2.5,2,0.2,0
CreteCreek110,RA,4,1,1,0.9,0,0,3,1.1,0,0,5,3.5,2,0.5,0
CreteCreek110,RA,5,1,1,1,1,1.1,2,1.4,0,0,5,3,0,0,0
CreteCreek110,RR,6,1.5,1,0.9,0,0,3,2,0,0,5,3.3,2,0.6,0
CreteCreek110,RR,7,1,1,1,0,0,2,1.2,0,0,5,3.9,0,0,0
CreteCreek110,RR,8,2,1,1.7,0,0,3,1.6,0,0,4,4.2,3,0.8,0
CreteCreek110,RR,9,1,1,1.2,1,1.1,3,0.8,0,0,5,3.5,2,1.1,0
CreteCreek110,RR,10,1,1,1.2,1,1.3,3,1.3,0,0,4,3.3,1,0.2,0
CreteCreek18,RA,1,2,1,1.3,0,0,2,1.4,0,0,5,3.5,0,0,0
CreteCreek18,RA,2,1.5,2,1.2,0,0,2,1.6,0,0,3,2.7,2,0.4,0
CreteCreek22,RA,3,0,0,0,1,0.2,4,0.6,0,0,3,0.6,2,0.2,1
CreteCreek22,RA,4,0,0,0,1,0.2,3,0.5,0,0,3,0.7,3,0.2,3
CreteCreek22,RA,5,0,0,0,1,0.1,2,0.7,0,0,2,1.8,2,0.1,4
CreteCreek22,RR,6,6.5,0,0,0,0,0,0,0,0,0,0,1,0.1,6
CreteCreek22,RR,7,6,0,0,0,0,0,0,0,0,0,0,2,0.3,6
CreteCreek22,RR,8,3,0,0,0,0,0,0,0,0,1,0.9,3,0.2,5
CreteCreek22,RR,9,0,0,0,0,0,0,0,0,0,0,0,5,0,6
CreteCreek22,RR,10,0.5,0,0,0,0,3,0.9,0,0,5,1.4,2,0,1
CreteCreek21,RA,1,0,0,0,0,0,0,0,0,0,1,0.9,2,0.1,6
CreteCreek21,RA,2,0,0,0,0,0,0,0,0,0,1,0.1,0,0,6
CreteCreek21,RA,3,1,0,0,0,0,0,0,0,0,1,0.4,2,0.01,6
CreteCreek21,RA,4,0,0,0,0,0,0,0,0,0,0,0,0,0,6
CreteCreek21,RA,5,0.5,0,0,0,0,0,0,0,0,0,0,1,0.05,6
CreteCreek21,RR,6,0,0,0,0,0,0,0,0,0,0,0,4,0,6
CreteCreek21,RR,7,0.5,0,0,0,0,0,0,0,0,1,0.5,3,0.1,6
CreteCreek21,RR,8,0,0,0,0,0,0,0,0,0,1,0.6,3,0.2,6
CreteCreek21,RR,9,0,0,0,0,0,0,0,0,0,0,0,2,0,6
CreteCreek21,RR,10,6.5,0,0,0,0,0,0,0,0,0,0,2,0.1,6
CreteCreek23,RA,1,0,0,0,1,0.05,0,0,0,0,1,0.2,2,0.04,6
CreteCreek23,RA,2,0,0,0,2,0.3,2,0.5,0,0,3,1.1,1,0.05,3
CreteCreek23,RA,3,0,0,0,0,0,1,0.3,0,0,2,1.3,2,0.03,5
CreteCreek23,RA,4,0,0,0,1,0.5,0,0,0,0,2,1.1,3,0.2,5
CreteCreek23,RA,5,0,0,0,2,0.2,2,0.8,0,0,1,1,3,0.3,5
CreteCreek23,RR,6,0,0,0,0,0,1,0.7,0,0,1,0.4,3,0.1,5
CreteCreek23,RR,7,0,0,0,1,0.1,0,0,0,0,1,0.4,3,0.2,5
CreteCreek23,RR,8,0,0,0,1,0.1,0,0,0,0,1,0.3,4,0.2,6
CreteCreek23,RR,9,0,0,0,1,0.2,0,0,0,0,2,0.9,3,0.2,5
CreteCreek23,RR,10,0,0,0,2,0.1,0,0,0,0,1,0.4,2,0.2,5
CreteCreek29,RA,1,0,0,0,1,0.4,3,0.7,0,0,4,1.9,1,0.4,0
CreteCreek29,RA,2,0,0,0,3,1.1,1,0.4,0,0,5,1.3,1,0.2,1
CreteCreek29,RA,3,0,0,0,2,0.4,3,0.6,0,0,3,1,2,0.2,1
CreteCreek29,RA,4,0,0,0,2,0.7,3,1.1,0,0,2,1.6,2,0.2,2
CreteCreek29,RA,5,0,0,0,1,0.5,3,0.4,0,0,3,0.9,2,0.3,1
CreteCreek29,RR,6,0,0,0,0,0,3,0.3,0,0,1,0.2,3,0.2,3
CreteCreek29,RR,7,0,0,0,2,0.2,4,0.3,0,0,1,0.6,3,0.2,2
CreteCreek29,RR,8,0,0,0,1,0.2,4,0.7,0,0,2,1,3,0.3,1
CreteCreek29,RR,9,0,0,0,1,0.3,3,1,0,0,2,0.4,3,0.4,2
CreteCreek29,RR,10,0,0,0,0,0,3,0.4,0,0,0,0,4,0.2,3
CreteCreek28,RA,1,0,0,0,0,0,4,0.4,0,0,2,1.5,2,0.1,2
CreteCreek28,RA,2,0.5,0,0,2,0.6,0,0,0,0,1,0.6,3,0.2,5
CreteCreek28,RA,3,0,0,0,0,0,4,0.4,0,0,3,1,3,0.2,0
CreteCreek28,RA,4,0,0,0,1,0.6,3,0.8,0,0,3,1.6,2,0.2,0
CreteCreek28,RA,5,0.5,0,0,1,0.8,1,0.6,0,0,6,2.3,0,0,1
CreteCreek28,RR,6,0,0,0,0,0,2,0.2,0,0,3,0.4,2,0.1,3
CreteCreek28,RR,7,0,0,0,0,0,4,0.3,0,0,3,2.5,1,0.1,2
CreteCreek28,RR,8,0,0,0,0,0,4,0.3,0,0,1,1.2,3,0.3,2
CreteCreek28,RR,9,0,0,0,3,2.6,4,0.3,0,0,2,0.6,2,0.1,1
CreteCreek28,RR,10,3,0,0,3,4.4,3,0.4,0,0,1,0.5,1,0.1,2
CreteCreek25,RA,1,0,0,0,0,0,4,0.5,0,0,0,0,2,0.1,2
CreteCreek25,RA,2,0,0,0,0,0,0,0,0,0,1,0.2,2,0.4,6
CreteCreek25,RA,3,0,0,0,0,0,1,0.3,0,0,1,0.5,3,0.1,5
CreteCreek25,RA,4,0,0,0,0,0,5,0.4,0,0,1,1.2,3,0.2,1
CreteCreek25,RA,5,0,0,0,0,0,5,0.2,0,0,0,0,2,0.3,1
CreteCreek25,RR,6,0,0,0,0,0,6,0.3,0,0,1,1.2,2,0.2,0
CreteCreek25,RR,7,0,0,0,0,0,3,0.5,0,0,1,0.4,3,0.2,4
CreteCreek25,RR,8,0,0,0,2,0.1,3,0.8,0,0,1,0.2,2,0.1,4
CreteCreek25,RR,9,0,0,0,0,0,3,0.5,0,0,1,0.3,3,0.2,4
CreteCreek25,RR,10,0.5,0,0,1,0.3,4,0.6,0,0,3,2.6,3,0.3,0
CreteCreek26,RA,1,0,0,0,0,0,3,0.3,0,0,1,0.2,4,0.1,3
CreteCreek26,RA,2,0,0,0,2,0.1,2,0.3,0,0,1,0.3,3,0.1,4
CreteCreek26,RA,3,0,0,0,0,0,2,0.9,0,0,0,0,3,0.2,4
CreteCreek26,RA,4,0,0,0,0,0,1,0.2,0,0,1,0.7,3,0.1,6
CreteCreek26,RA,5,0,0,0,0,0,1,0.4,0,0,1,0.4,4,0.2,5
CreteCreek26,RR,6,1,0,0,0,0,0,0,0,0,1,1,4,0.3,6
CreteCreek26,RR,7,0,0,0,0,0,0,0,0,0,1,1.1,2,0.1,6
CreteCreek26,RR,8,0,0,0,0,0,3,0.3,0,0,1,0.4,3,0.3,4
CreteCreek26,RR,9,0,0,0,0,0,0,0,0,0,1,0.2,4,0.2,6
CreteCreek26,RR,10,0,0,0,0,0,0,0,0,0,2,1.3,4,0.2,5
CreteCreek27,RA,1,0,0,0,0,0,0,0,0,0,0,0,3,0.01,6
CreteCreek27,RA,2,0.5,0,0,0,0,0,0,0,0,1,2.2,3,0.01,6
CreteCreek27,RA,3,0,0,0,0,0,1,1.7,0,0,1,0.6,2,0.02,6
CreteCreek27,RA,4,0,0,0,0,0,5,0.8,0,0,2,0.8,1,0.01,2
CreteCreek27,RA,5,0,0,0,3,0.2,0,0,0,0,3,1.2,1,0.01,3
CreteCreek27,RR,6,0,0,0,0,0,3,0.9,0,0,2,1,3,0.1,2
CreteCreek27,RR,7,0,0,0,1,0.3,3,0.3,0,0,3,1.5,4,0.3,1
CreteCreek27,RR,8,0,0,0,0,0,2,0.1,0,0,3,0.7,2,0.1,4
CreteCreek27,RR,9,0,0,0,0,0,2,0.1,0,0,2,1.1,5,0.2,1
CreteCreek27,RR,10,0,0,0,1,0.3,3,0.8,0,0,3,1.6,4,0.2,0
HortonCreek16,RR,10,0,1,0.3,0,0,4,0.6,0,0,1,1.8,5,0.4,1
HortonCreek15,RA,1,0.5,1,0.8,1,0.2,4,0.6,0,0,2,1.1,3,0.7,0
HortonCreek15,RA,2,0,2,0.4,0,0,3,0.3,0,0,1,2,4,0.6,1
HortonCreek15,RA,3,0.5,1,0.2,1,0.3,3,0.8,0,0,1,1.4,3,0.2,2
HortonCreek15,RA,4,0,2,0.5,0,0,4,0.9,0,0,2,1.8,2,0.5,0
HortonCreek15,RA,5,0,2,0.6,0,0,4,0.3,0,0,2,1.1,3,0.3,0
HortonCreek15,RR,6,1,2,1.2,1,1.8,4,1.8,0,0,2,3.1,3,0.8,0
HortonCreek15,RR,7,3,0,0,5,5.2,2,0.4,0,0,3,2.9,0,0,0
HortonCreek15,RR,8,1.5,1,0.3,1,1.5,3,1.1,0,0,3,2.2,4,0.4,1
HortonCreek15,RR,9,0.5,1,0.9,0,0,4,0.7,0,0,2,1.8,5,0.3,1
HortonCreek15,RR,10,0,1,0.4,0,0,4,1.4,0,0,2,1.3,5,0.6,0
HortonCreek14,RA,1,0,0,0,1,0.3,3,0.4,0,0,2,1.4,3,0.2,2
HortonCreek14,RA,2,0,1,0.9,1,0.3,4,1.1,0,0,1,1.4,3,0.5,0
HortonCreek14,RA,3,19,2,1.4,2,0.6,5,1.2,0,0,2,1.4,1,0.3,0
HortonCreek14,RA,4,0,2,0.8,1,0.4,4,0.4,0,0,2,1.3,1,0.2,1
HortonCreek14,RA,5,0,2,0.3,1,0.3,3,0.3,0,0,1,0.3,3,0.5,3
HortonCreek14,RR,6,0,1,0.3,0,0,4,0.9,0,0,1,0.7,3,0.2,1
HortonCreek14,RR,7,0.5,1,0.8,0,0,3,0.9,1,0.2,2,1.7,3,0.3,0
HortonCreek14,RR,8,0,2,0.8,0,0,3,0.6,0,0,1,1,4,0.2,2
HortonCreek14,RR,9,0,1,0.4,0,0,4,0.8,0,0,1,0.5,2,0.2,1
HortonCreek14,RR,10,0.5,0,0,2,0.5,3,0.8,0,0,2,2.1,2,0.1,0
HortonCreek13,RA,1,0.5,0,0,2,0.9,1,0.6,0,0,4,1.3,0,0,1
HortonCreek13,RA,2,0.5,0,0,3,1.1,3,0.6,0,0,3,3,0,0,1
HortonCreek13,RA,3,0.5,0,0,2,0.8,3,1.1,0,0,2,2.6,1,0.5,0
HortonCreek13,RA,4,0,0,0,2,1.3,4,1.4,0,0,2,1.2,2,0.4,1
HortonCreek13,RA,5,0.5,0,0,3,0.6,4,1.9,0,0,2,3.1,1,0.3,0
HortonCreek13,RR,6,0.5,0,0,4,0.9,0,0,0,0,2,1.9,0,0,3
HortonCreek13,RR,7,0.5,0,0,2,0.8,0,0,0,0,4,2.1,0,0,1
HortonCreek13,RR,8,0.5,0,0,4,0.8,4,1.6,0,0,3,1.7,0,0,0
HortonCreek13,RR,9,0.5,0,0,3,0.7,3,1.1,0,0,3,1.8,2,0.3,0
HortonCreek13,RR,10,0,0,0,1,0.5,5,1.5,0,0,1,1.6,3,0.5,1
HortonCreek12,RA,1,0,0,0,2,0.4,3,1.2,0,0,1,1.6,1,0.02,2
HortonCreek12,RA,2,0,0,0,2,0.6,4,0.4,0,0,2,1.1,2,0.4,1
HortonCreek12,RA,3,0,0,0,2,0.5,4,0.5,0,0,2,1.5,1,0.2,0
HortonCreek12,RA,4,0,0,0,1,0.2,3,0.4,0,0,1,0.7,2,0.05,1
HortonCreek12,RA,5,0,0,0,1,0.3,3,0.3,0,0,1,0.8,3,0.2,1
HortonCreek12,RR,6,0,0,0,1,0.3,4,0.5,0,0,1,1,3,0.3,1
HortonCreek12,RR,7,0,0,0,0,0,4,1.6,0,0,1,0.6,3,0.6,2
HortonCreek12,RR,8,0.5,0,0,1,0.4,4,0.8,0,0,1,2.9,4,0.5,0
HortonCreek12,RR,9,0.5,0,0,1,0.9,5,1.3,0,0,2,1.7,2,0.4,0
HortonCreek12,RR,10,0,0,0,2,0.4,3,0.6,0,0,1,1.7,4,0.2,3
HortonCreek11,RA,1,0,0,0,1,0.3,4,0.4,0,0,1,1.3,1,0.4,2
HortonCreek11,RA,2,0,0,0,1,0.4,3,1,0,0,2,1.1,3,0.4,2
HortonCreek11,RA,3,0,0,0,1,0.05,3,0.9,0,0,1,0.8,3,0.2,4
HortonCreek11,RA,4,0,0,0,0,0,4,0.5,0,0,1,1,3,0.05,2
HortonCreek11,RA,5,0,0,0,1,0.3,4,1,0,0,1,1.3,3,0.2,0
HortonCreek11,RR,6,0,0,0,0,0,3,0.7,0,0,1,2.6,4,0.3,3
HortonCreek11,RR,7,3,0,0,0,0,0,0,0,0,1,0.4,4,0.5,5
HortonCreek11,RR,8,0.5,0,0,0,0,4,0.9,0,0,1,0.6,3,0.3,4
HortonCreek11,RR,9,1,0,0,0,0,0,0,0,0,1,1.2,4,0.4,4
HortonCreek11,RR,10,3,0,0,0,0,3,0.8,0,0,2,1.6,3,0.2,4
HortonCreek17,RA,1,0,2,1.5,1,0.1,4,0.5,0,0,1,0.9,3,0.3,1
HortonCreek17,RA,2,0,0,0,0,0,5,0.2,0,0,2,2.4,3,0.3,1
HortonCreek17,RA,3,0,0,0,1,0.4,4,0.3,0,0,1,0.6,4,0.3,0
HortonCreek17,RA,4,0,0,0,1,0.2,3,0.3,0,0,1,0.8,4,0.2,1
HortonCreek17,RA,5,0,1,0.1,1,0.1,3,0.4,0,0,0,0,4,0.3,1
HortonCreek17,RR,6,0,0,0,1,0.4,3,0.3,0,0,1,1.2,5,0.3,0
HortonCreek17,RR,7,0,3,1.1,0,0,3,0.5,0,0,1,0.9,4,0.3,0
HortonCreek17,RR,8,0,0,0,0,0,4,0.3,0,0,1,0.4,4,0.2,2
HortonCreek17,RR,9,0,0,0,0,0,3,0.4,0,0,1,0.5,5,0.2,2
HortonCreek17,RR,10,0,0,0,0,0,3,0.3,0,0,1,0.7,4,0.1,3
HortonCreek18,RA,1,0,0,0,0,0,4,0.3,0,0,1,1.3,2,0.3,0
HortonCreek18,RA,2,0,0,0,1,0.2,3,0.2,0,0,1,0.9,3,0.2,2
HortonCreek18,RA,3,0.5,3,0.3,0,0,3,0.4,0,0,2,1.3,3,0.2,0
HortonCreek18,RA,4,0,1,0.4,1,1,3,0.3,0,0,2,1.5,3,0.2,0
HortonCreek18,RA,5,0,2,1,1,2,5,0.8,0,0,0,0,1,0.2,0
HortonCreek18,RR,6,0,2,0.8,0,0,3,0.7,0,0,1,1.1,3,0.3,0
HortonCreek18,RR,7,0.5,0,0,0,0,3,1.2,0,0,1,0.7,5,0.3,0
HortonCreek18,RR,8,1,0,0,0,0,6,1.8,0,0,1,1.4,3,0.5,0
HortonCreek18,RR,9,0,0,0,0,0,3,1.2,0,0,2,2,4,0.3,0
HortonCreek18,RR,10,0,1,0.8,0,0,4,0.4,0,0,0,0,4,0.5,2
HortonCreek19,RA,1,0.5,0,0,0,0,5,1.7,0,0,2,2,0,0,0
HortonCreek19,RA,2,0.5,0,0,1,0.6,6,1.3,0,0,1,1,1,0.3,0
HortonCreek19,RA,3,0.5,1,1,0,0,4,1.1,0,0,1,0.9,3,0.4,0
HortonCreek19,RA,4,0,1,0.3,0,0,5,1.1,0,0,1,0.8,2,0.2,1
HortonCreek19,RA,5,0.5,1,0.9,0,0,5,1,0,0,2,2,2,0.4,0
HortonCreek19,RR,6,0.5,0,0,0,0,5,1,0,0,2,1.5,3,0.2,0
HortonCreek19,RR,7,0.5,1,0.7,1,1.5,6,1.8,0,0,1,1.2,2,0.6,0
HortonCreek19,RR,8,1,3,1.8,2,2.8,5,1.7,0,0,2,2.4,0,0,0
HortonCreek19,RR,9,1.5,2,1.8,1,2.3,5,1.9,0,0,2,2.9,0,0,0
HortonCreek19,RR,10,1.5,3,2.4,0,0,5,1.7,0,0,2,2.2,1,0.7,0
HortonCreek110,RA,1,1.5,2,2.5,1,1.5,5,2.4,0,0,2,3.4,0,0,0
HortonCreek110,RA,2,1.5,2,1.5,0,0,3,1,0,0,2,2.3,3,0.4,0
HortonCreek110,RA,3,1,2,1.1,0,0,4,1.8,0,0,2,2.4,2,0.4,0
HortonCreek110,RA,4,1.5,2,1,2,1.3,4,1.4,0,0,3,3,2,0.5,0
HortonCreek110,RA,5,0.5,1,1.3,0,0,3,1.6,0,0,2,2.3,3,0.7,0
HortonCreek110,RR,6,3.5,0,0,6,22,0,0,0,0,4,5.3,0,0,0
HortonCreek110,RR,7,3,0,0,6,18.4,3,4.2,0,0,5,7.3,0,0,0
HortonCreek110,RR,8,2,1,3.5,0,0,5,3,0,0,2,4.9,0,0,0
HortonCreek110,RR,9,2.5,1,2.3,1,1.8,5,2.6,0,0,2,2.4,1,0.9,0
HortonCreek110,RR,10,1.5,1,0.3,0,0,3,2.5,0,0,3,2.9,4,0.6,1
HortonCreek111,RA,1,1,0,0,1,0.5,5,1.4,0,0,1,1.3,1,0.5,0
HortonCreek16,RA,1,0.5,3,0.6,0,0,4,0.5,0,0,1,0.9,3,0.2,0
HortonCreek16,RA,2,0,0,0,1,0.2,4,0.5,0,0,2,1.5,2,0.3,2
HortonCreek16,RA,3,0,2,0.4,0,0,4,1.5,0,0,2,1.3,3,0.4,0
HortonCreek16,RA,4,0,0,0,0,0,4,0.9,0,0,1,1.1,4,0.5,0
HortonCreek16,RA,5,0,0,0,1,0.7,5,0.6,0,0,1,0.8,2,0.5,0
HortonCreek16,RR,6,1.5,0,0,3,1,2,1.9,0,0,3,3.5,0,0,0
HortonCreek16,RR,7,0.5,0,0,0,0,4,0.8,0,0,2,1,5,0.6,0
HortonCreek16,RR,8,0.5,1,0.4,0,0,3,0.9,0,0,2,2.7,5,0.5,2
HortonCreek16,RR,9,0,1,0.7,0,0,3,1,0,0,1,1.5,5,0.6,0
HortonCreek113,RA,5,0,0,0,0,0,4,0.2,0,0,1,0.6,3,0.1,1
HortonCreek113,JT,6,0,1,0.3,3,0.2,4,0.2,0,0,1,0.7,3,0.2,0
HortonCreek113,JT,7,0,3,0.6,0,0,2,0.4,0,0,2,1.3,4,0.3,1
HortonCreek113,JT,8,0,0,0,1,0.3,3,0.6,0,0,1,0.7,5,0.3,0
HortonCreek113,JT,9,0,0,0,0,0,3,0.3,0,0,2,0.6,3,0.3,3
HortonCreek113,JT,10,0,0,0,2,0.3,4,0.2,0,0,1,0.7,4,0.3,1
HortonCreek114,RA,1,0,3,0.5,0,0,4,0.2,0,0,1,0.5,3,0.2,1
HortonCreek114,RA,2,0,2,0.4,0,0,4,0.3,0,0,1,1.9,3,0.3,1
HortonCreek114,RA,3,0,3,0.5,0,0,4,0.8,0,0,1,0.7,3,0.2,0
HortonCreek114,RA,4,0,1,0.7,0,0,5,0.4,0,0,1,0.5,2,0.3,0
HortonCreek114,RA,5,0,2,0.3,0,0,4,0.3,0,0,1,0.4,4,0.2,0
HortonCreek114,JT,6,0,2,0.5,0,0,4,0.7,0,0,1,1.7,3,0.3,0
HortonCreek114,JT,7,0,4,0.8,2,0.3,3,0.3,0,0,2,0.8,3,0.5,1
HortonCreek114,JT,8,0,2,0.4,0,0,4,0.5,0,0,1,1.6,3,0.3,0
HortonCreek114,JT,9,0,0,0,0,0,2,0.3,0,0,2,0.4,4,0.2,2
HortonCreek114,JT,10,0,3,1.6,2,0.3,4,0.9,0,0,1,0.8,3,0.4,1
HortonCreek115,RA,1,1,0,0,0,0,1,0.8,0,0,6,5,0,0,0
HortonCreek115,RA,2,0.5,0,0,0,0,3,1,0,0,3,3.4,1,0.3,0
HortonCreek115,RA,3,0.5,0,0,0,0,4,1,0,0,3,3.9,1,0.3,0
HortonCreek115,RA,4,0.5,0,0,0,0,4,1,0,0,2,6,1,0.1,0
HortonCreek115,RA,5,0.5,0,0,1,0.6,4,1,0,0,2,1,1,0.1,0
HortonCreek115,JT,6,0.5,0,0,0,0,0,0,0,0,6,3.9,0,0,0
HortonCreek115,JT,7,0,0,0,1,1.7,0,0,0,0,5,2.5,0,0,0
HortonCreek115,JT,8,0,0,0,1,0.9,0,0,0,0,4,2.1,0,0,1
HortonCreek115,JT,9,0,0,0,1,0.6,0,0,0,0,5,2.1,0,0,0
HortonCreek115,JT,10,3,0,0,0,0,4,4.3,0,0,4,5.1,0,0,0
HortonCreek116,RA,1,0.5,1,0.8,0,0,5,0.9,0,0,2,2.1,2,0.6,0
HortonCreek116,RA,2,1,2,1.2,0,0,5,1,0,0,2,2.7,2,0.6,0
HortonCreek116,RA,3,0.5,2,1.2,0,0,5,1.5,0,0,1,1.4,1,0.3,0
HortonCreek116,RA,4,0.5,2,0.8,0,0,5,1,0,0,2,1.7,1,0.7,0
HortonCreek116,RA,5,0.5,2,0.4,0,0,5,0.9,0,0,2,2.7,2,0.6,0
HortonCreek116,JT,6,0,0,0,1,0.3,5,0.7,0,0,2,1.6,3,0.2,0
HortonCreek116,JT,7,0,0,0,1,0.2,5,0.5,0,0,3,1.4,2,0.2,1
HortonCreek116,JT,8,0,2,0.7,0,0,5,1.2,0,0,2,2.4,2,0.3,0
HortonCreek116,JT,9,0,1,0.5,1,0.4,5,0.8,0,0,2,2.5,0,0,0
HortonCreek116,JT,10,0,2,0.9,0,0,4,0.9,0,0,3,1.7,1,0.5,0
HortonCreek126,RA,1,0,2,0.6,0,0,4,0.5,0,0,1,0.6,2,0.3,1
HortonCreek126,RA,2,0,2,0.9,0,0,3,0.9,0,0,2,1.2,4,0.4,1
HortonCreek126,RA,3,0.5,2,1.3,0,0,4,1.1,0,0,1,2.1,2,0.5,0
HortonCreek126,RA,4,0,1,0.4,0,0,3,0.3,0,0,1,1,4,0.4,1
HortonCreek126,RA,5,0,0,0,0,0,3,0.2,0,0,1,1,3,0.3,2
HortonCreek126,JT,6,0,0,0,1,0.2,4,0.5,0,0,2,1,4,0.3,3
HortonCreek126,JT,7,0,2,0.4,1,0.3,3,0.4,0,0,2,1.4,6,0.3,0
HortonCreek126,JT,8,0,0,0,1,0.2,3,0.6,0,0,2,2.2,6,0.4,0
HortonCreek126,JT,9,0.5,4,1.8,0,0,4,0.7,0,0,2,3.1,2,0.4,0
HortonCreek126,JT,10,0,2,1,1,0.6,2,0.6,0,0,2,0.8,5,0.5,0
HortonCreek125,RA,1,0,3,2.1,0,0,4,0.8,0,0,2,3,2,0.5,0
HortonCreek125,RA,2,0,1,0.3,0,0,3,0.5,0,0,1,1.5,4,0.4,1
HortonCreek125,RA,3,0,0,0,1,0.2,3,0.2,0,0,0,0,4,0.3,3
HortonCreek125,RA,4,0,0,0,0,0,4,0.5,0,0,1,0.5,4,0.4,2
HortonCreek125,RA,5,0,0,0,0,0,4,0.3,0,0,2,4.8,4,0.3,1
HortonCreek125,JT,6,0,3,0.7,0,0,4,0.5,0,0,1,1,6,0.6,0
HortonCreek125,JT,7,0,3,0.8,3,0.4,3,1.2,0,0,0,0,5,0.5,0
HortonCreek125,JT,8,0,3,1.4,2,0.6,3,1.3,0,0,2,2.2,6,0.5,0
HortonCreek125,JT,9,0,0,0,2,0.7,5,0.6,0,0,2,1.4,5,0.5,0
HortonCreek125,JT,10,0,2,0.7,0,0,5,0.4,0,0,2,0.7,5,0.4,0
HortonCreek124,RA,1,0,0,0,1,0.2,2,0.7,0,0,0,0,2,0.2,5
HortonCreek124,RA,2,0,2,0.5,0,0,3,0.5,0,0,1,0.7,3,0.4,2
HortonCreek124,RA,3,0,0,0,0,0,4,0.8,0,0,1,1.9,4,0.4,2
HortonCreek124,RA,4,0.5,0,0,0,0,4,0.8,0,0,1,1,3,0.4,1
HortonCreek124,RA,5,0,0,0,0,0,3,0.4,0,0,0,0,3,0.3,4
HortonCreek124,JT,6,0,0,0,1,0.3,4,0.3,0,0,0,0,5,0.3,1
HortonCreek124,JT,7,0,2,0.8,1,0.5,3,0.5,0,0,1,1,6,0.6,0
HortonCreek124,JT,8,0,0,0,1,0.4,3,0.5,0,0,0,0,4,0.4,4
HortonCreek124,JT,9,0,0,0,0,0,3,0.8,0,0,1,0.4,4,0.5,4
HortonCreek124,JT,10,0,2,0.6,0,0,2,0.5,0,0,2,0.7,5,0.6,3
HortonCreek123,RA,1,0,0,0,0,0,0,0,0,0,3,0.5,0,0,0
HortonCreek123,RA,2,0.5,0,0,3,0.5,2,0.5,0,0,2,2.5,2,0.5,0
HortonCreek123,RA,3,1.5,0,0,2,8.3,5,1.6,0,0,2,2.6,1,0.1,0
HortonCreek123,RA,4,1,0,0,1,0.5,1,1,0,0,4,3.8,0,0,0
HortonCreek123,RA,5,0,0,0,4,6,0,0,0,0,2,3.4,0,0,2
HortonCreek123,JT,6,2,0,0,2,2.1,1,0.5,0,0,4,3,0,0,0
HortonCreek123,JT,7,0,0,0,0,0,4,0.6,0,0,3,1.9,5,0.5,0
HortonCreek123,JT,8,0,1,0.5,2,0.6,4,0.5,0,0,2,1.9,1,0.2,1
HortonCreek123,JT,9,0,0,0,0,0,4,0.4,0,0,3,1.9,2,0.3,2
HortonCreek123,JT,10,0,0,0,0,0,0,0,0,0,0,0,0,0,4
HortonCreek122,RA,1,0,0,0,0,0,4,0.3,0,0,1,0.3,3,0.2,3
HortonCreek122,RA,2,0,0,0,1,0.2,2,0.3,0,0,1,0.4,3,0.2,4
HortonCreek122,RA,3,0,0,0,0,0,4,0.4,0,0,1,1.2,3,0.3,2
HortonCreek122,RA,4,0,0,0,0,0,3,0.3,0,0,1,1,2,0.3,3
HortonCreek122,RA,5,0,0,0,0,0,4,0.3,0,0,1,1,2,0.4,2
HortonCreek122,JT,6,0,0,0,1,0.4,4,0.3,0,0,1,0.4,4,0.6,2
HortonCreek122,JT,7,0,0,0,0,0,1,0.4,0,0,1,0.4,4,0.3,4
HortonCreek122,JT,8,0,0,0,0,0,3,0.5,0,0,2,1.6,4,0.2,2
HortonCreek122,JT,9,0,0,0,0,0,4,0.4,0,0,1,0.8,4,0.3,2
HortonCreek122,JT,10,0,0,0,0,0,1,0.3,0,0,0,0,4,0.3,4
HortonCreek121,RA,1,0,2,10,6,12,2,4.9,0,0,2,6,0,0,0
HortonCreek121,RA,2,0,0,0,6,12.7,0,0,0,0,2,2,0,0,0
HortonCreek121,RA,3,0,0,0,6,14.1,0,0,0,0,2,3.9,0,0,0
HortonCreek121,RA,4,0,0,0,6,10.5,0,0,0,0,3,3.5,0,0,0
HortonCreek121,RA,5,0.5,0,0,3,0.6,1,1.4,0,0,3,1.9,0,0,0
HortonCreek121,JT,6,0.5,3,1.6,0,0,4,1.6,0,0,2,2.2,2,0.8,0
HortonCreek121,JT,7,0.5,0,0,0,0,4,0.7,0,0,3,2.6,2,0.7,0
HortonCreek121,JT,8,0.5,1,0.8,0,0,1,0.4,0,0,4,2.5,0,0,0
HortonCreek121,JT,9,1,1,0.8,1,0.7,2,1.2,0,0,5,2.9,0,0,0
HortonCreek121,JT,10,0.5,1,0.5,3,0.9,3,0.7,0,0,3,3,0,0,0
HortonCreek120,RA,1,0,0,0,1,0.2,0,0,0,0,3,2.1,2,0.5,2
HortonCreek120,RA,2,0,0,0,0,0,0,0,0,0,3,0.7,4,0.3,2
HortonCreek120,RA,3,0,0,0,0,0,0,0,0,0,3,1.4,3,0.5,2
HortonCreek120,RA,4,0,0,0,0,0,0,0,0,0,0,0,0,0,6
HortonCreek120,RA,5,0,0,0,0,0,0,0,0,0,0,0,0,0,6
HortonCreek120,JT,6,1.5,0,0,6,24.5,0,0,0,0,4,3.2,0,0,0
HortonCreek120,JT,7,1.5,0,0,5,17,0,0,0,0,3,3.8,0,0,0
HortonCreek120,JT,8,1,1,0.7,6,18,1,0.7,0,0,3,2.2,1,0.3,1
HortonCreek120,JT,9,1.5,0,0,4,8.2,1,0.4,0,0,2,2.9,1,0.3,1
HortonCreek120,JT,10,0,0,0,2,1.3,0,0,0,0,1,1.4,2,0.1,2
HortonCreek119,RA,1,0,2,0.6,0,0,4,0.5,0,0,2,1.1,2,0.3,0
HortonCreek119,RA,2,0,2,0.9,0,0,4,0.7,0,0,2,1.5,3,0.5,0
HortonCreek119,RA,3,0,0,0,0,0,4,1,0,0,2,1,3,0.3,0
HortonCreek119,RA,4,0,0,0,0,0,4,0.5,0,0,2,0.7,4,0.3,0
HortonCreek119,RA,5,0.5,0,0,0,0,5,1.1,0,0,2,0.8,2,0.5,0
HortonCreek119,JT,6,0,0,0,0,0,3,0.4,0,0,1,2.4,5,0.3,1
HortonCreek119,JT,7,0,0,0,0,0,3,0.5,0,0,1,2.3,5,0.5,2
HortonCreek119,JT,8,0,1,0.4,1,0.3,4,0.6,0,0,2,1.8,6,0.5,1
HortonCreek119,JT,9,0,0,0,0,0,4,0.4,0,0,1,0.4,6,0.3,1
HortonCreek119,JT,10,0,3,0.7,0,0,3,0.6,0,0,2,2.2,4,0.5,1
HortonCreek118,RA,1,0.5,0,0,3,0.7,3,0.6,0,0,2,2.4,0,0,0
HortonCreek118,RA,2,0,0,0,2,0.5,3,1,0,0,2,1.5,2,0.4,0
HortonCreek118,RA,3,0.5,0,0,1,0.7,5,1.1,0,0,1,1.1,1,0.3,0
HortonCreek118,RA,4,0.5,0,0,0,0,5,0.4,0,0,2,1.3,2,0.3,0
HortonCreek118,RA,5,0.5,0,0,1,0.3,5,0.8,0,0,1,1.1,2,0.5,0
HortonCreek118,JT,6,0,0,0,0,0,3,0.9,0,0,2,1.5,2,0.5,0
HortonCreek118,JT,7,0,0,0,0,0,3,0.6,0,0,2,2,4,0.4,1
HortonCreek118,JT,8,0,1,0.5,1,0.3,3,0.5,0,0,2,2.1,4,0.7,1
HortonCreek118,JT,9,0,2,0.8,0,0,3,0.7,0,0,2,1.8,2,0.4,0
HortonCreek118,JT,10,0,0,0,0,0,3,0.9,0,0,2,2.1,4,0.6,0
HortonCreek117,RA,1,1,0,0,3,1,0,0,0,0,4,4,1,0.2,0
HortonCreek117,RA,2,0.5,0,0,2,0.3,4,1.2,0,0,3,2.5,2,0.3,0
HortonCreek117,RA,3,1,0,0,4,0.6,0,0,0,0,3,2.2,0,0,0
HortonCreek117,RA,4,0,0,0,2,0.7,3,1.1,0,0,2,2.5,1,0.6,0
HortonCreek117,RA,5,0.5,0,0,1,0.5,6,1.3,0,0,1,1.1,1,0.6,0
HortonCreek117,JT,6,1,0,0,0,0,0,0,0,0,4,4.8,0,0,0
HortonCreek117,JT,7,2.5,2,1.2,3,2.7,3,1.6,0,0,2,3.1,0,0,0
HortonCreek117,JT,8,0.5,2,1,0,0,3,1.5,0,0,2,3,3,0.4,0
HortonCreek117,JT,9,0,2,1,0,0,4,0.8,0,0,1,1.9,3,0.4,0
HortonCreek117,JT,10,0,1,0.7,0,0,3,0.9,0,0,2,1.5,4,0.4,0
HortonCreek111,RA,2,3,0,0,0,0,4,3.5,0,0,3,5,0,0,0
HortonCreek111,RA,3,3,0,0,4,18.5,0,0,0,0,4,5.7,0,0,0
HortonCreek111,RA,4,2,0,0,3,11.3,2,3,0,0,4,4.9,1,0.2,0
HortonCreek111,RA,5,3.5,0,0,4,15.8,0,0,0,0,3,4.2,0,0,0
HortonCreek111,JT,6,0,1,0.3,2,0.5,4,0.4,0,0,2,1.4,5,0.3,0
HortonCreek111,JT,7,0,2,0.7,3,0.5,4,0.5,0,0,1,1.6,3,0.5,1
HortonCreek111,JT,8,0,2,0.3,0,0,5,0.4,0,0,2,1.8,5,0.3,0
HortonCreek111,JT,9,0,2,0.7,0,0,5,0.6,0,0,1,1.6,4,0.2,1
HortonCreek111,JT,10,0,1,0.4,2,0.3,3,0.3,0,0,2,1.3,5,0.4,0
HortonCreek112,RA,1,0,1,0.8,0,0,3,0.3,0,0,1,0.9,4,0.4,1
HortonCreek112,RA,2,0,2,0.5,0,0,3,0.4,0,0,2,0.7,3,0.1,1
HortonCreek112,RA,3,0,1,0.1,0,0,3,0.2,0,0,1,0.5,4,0.1,2
HortonCreek112,RA,4,0,2,0.3,0,0,3,0.2,0,0,1,0.5,4,0.1,1
HortonCreek112,RA,5,0,0,0,0,0,4,0.7,0,0,1,0.5,2,0.1,2
HortonCreek112,JT,6,0,0,0,0,0,2,0.3,0,0,2,0.7,3,0.3,3
HortonCreek112,JT,7,0,0,0,2,0.3,3,0.3,0,0,2,0.8,4,0.4,2
HortonCreek112,JT,8,0,3,0.7,0,0,0,0,0,0,1,3.1,5,0.5,0
HortonCreek112,JT,9,0,0,0,0,0,2,0.2,0,0,2,0.7,1,0.3,4
HortonCreek112,JT,10,0,2,0.6,0,0,3,0.4,0,0,2,1,3,0.4,3
HortonCreek113,RA,1,0,1,0.3,0,0,3,0.1,0,0,1,0.3,4,0.05,2
HortonCreek113,RA,2,0,0,0,0,0,3,0.2,0,0,1,0.5,4,0.1,1
HortonCreek113,RA,3,0,0,0,0,0,4,0.1,0,0,1,0.5,3,0.1,2
HortonCreek113,RA,4,0,0,0,0,0,3,0.1,0,0,1,0.1,4,0.1,2
LivingstonCreek112,RA,1,1.5,2,2.3,3,3.1,1,0.9,0,0,3,3,0,0,0
LivingstonCreek112,RA,2,1,1,0.3,2,0.7,2,0.6,0,0,6,3.1,1,0.1,0
LivingstonCreek112,RA,3,1,0,0,2,1.4,2,1.2,0,0,4,3.1,2,1.1,0
LivingstonCreek112,RA,4,2.5,0,0,2,1,1,1.3,0,0,5,3.1,1,0.3,0
LivingstonCreek112,RA,5,1,0,0,1,1.2,0,0,0,0,5,2.8,0,0,0
LivingstonCreek112,RR,6,1,0,0,0,0,3,0.5,0,0,3,3.1,4,1,0
LivingstonCreek112,RR,7,0.5,0,0,2,1.1,2,0.7,0,0,3,2.4,5,0.8,0
LivingstonCreek112,RR,8,1,0,0,1,0.8,5,1.4,0,0,2,2.1,3,1,0
LivingstonCreek112,RR,9,0.5,0,0,1,0.9,2,0.4,0,0,3,2.1,2,0.9,2
LivingstonCreek112,RR,10,1,4,1.5,0,0,3,0.8,0,0,2,2.1,3,0.5,0
LivingstonCreek113,RA,1,1,0,0,1,0.1,4,0.2,0,0,2,1.5,3,0.3,0
LivingstonCreek113,RA,2,0.5,0,0,2,1,0,0,0,0,4,3,0,0,0
LivingstonCreek113,RA,3,0.5,0,0,1,0.6,4,0.2,0,0,2,0.7,3,0.2,0
LivingstonCreek113,RA,4,0.5,0,0,2,0.9,1,0.5,0,0,3,1.8,3,0.6,0
LivingstonCreek113,RA,5,0,0,0,0,0,3,0.5,0,0,3,2,2,0.9,0
LivingstonCreek113,RR,6,1,0,0,0,0,0,0,0,0,2,2.3,0,0,1
LivingstonCreek113,RR,7,1,0,0,3,0.7,3,1,0,0,3,1.8,3,0.6,2
LivingstonCreek113,RR,8,0.5,0,0,2,1.7,3,0.9,0,0,2,1.6,4,0.4,1
LivingstonCreek113,RR,9,0.5,0,0,3,0.9,2,0.5,0,0,2,1.2,3,0.5,3
LivingstonCreek113,RR,10,1,0,0,1,0.9,3,0.9,0,0,3,2.4,3,0.9,0
LivingstonCreek114,RA,1,0.5,0,0,2,0.5,5,0.5,0,0,2,1.7,1,0.3,0
LivingstonCreek114,RA,2,0,0,0,1,0.5,5,0.4,0,0,2,2.2,2,0.3,0
LivingstonCreek114,RA,3,1,0,0,1,0.2,2,0.9,0,0,4,2.2,2,0.3,0
LivingstonCreek114,RA,4,0,0,0,0,0,0,0,0,0,6,1.2,1,0.2,0
LivingstonCreek114,RA,5,0.5,0,0,0,0,0,0,0,0,6,2.2,0,0,0
LivingstonCreek114,RR,6,0.5,0,0,4,0.5,0,0,0,0,3,2,3,0.3,0
LivingstonCreek114,RR,7,0.5,0,0,2,0.5,2,0.4,0,0,3,1.8,4,0.4,0
LivingstonCreek114,RR,8,1.5,0,0,1,0.5,2,0.8,0,0,3,1.4,4,0.6,2
LivingstonCreek114,RR,9,0.5,0,0,1,0.5,4,0.9,0,0,3,1.9,4,0.5,0
LivingstonCreek114,RR,10,0,0,0,0,0,1,0.2,0,0,4,2.1,4,0.5,0
LivingstonCreek115,RA,1,0.5,0,0,2,1.8,0,0,0,0,5,3.4,0,0,0
LivingstonCreek115,RA,2,1.5,0,0,2,1.5,0,0,0,0,6,3.5,0,0,0
LivingstonCreek115,RA,3,12.5,0,0,5,4.8,0,0,0,0,3,3.7,0,0,0
LivingstonCreek115,RA,4,0.5,0,0,2,0.9,3,0.6,0,0,3,2.3,0,0,2
LivingstonCreek115,RA,5,1,0,0,4,3.1,0,0,0,0,4,4,0,0,0
LivingstonCreek115,RR,6,2.5,0,0,3,2.8,0,0,0,0,4,3.7,0,0,2
LivingstonCreek115,RR,7,2,0,0,3,2.3,0,0,0,0,4,3.2,0,0,0
LivingstonCreek115,RR,8,0.5,0,0,3,0.9,0,0,0,0,5,3.3,0,0,0
LivingstonCreek115,RR,9,1,0,0,2,1.3,0,0,0,0,3,3.4,0,0,3
LivingstonCreek115,RR,10,3,0,0,5,6.2,0,0,0,0,3,2.1,1,0,2
LivingstonCreek116,RA,1,0,0,0,4,1,2,1.9,0,0,2,1.9,0,0,0
LivingstonCreek116,RA,2,0.5,0,0,3,1.1,0,0,0,0,3,1.9,0,0,0
LivingstonCreek116,RA,3,0.5,0,0,0,0,5,1,0,0,3,2.3,1,0.2,0
LivingstonCreek116,RA,4,1,0,0,2,1.1,3,0.8,0,0,3,2,1,0.1,0
LivingstonCreek116,RA,5,1,0,0,3,0.7,2,1,0,0,3,2.6,0,0,0
LivingstonCreek116,RR,6,2.5,3,2.6,4,4.3,1,1.9,0,0,3,3.7,0,0,0
LivingstonCreek116,RR,7,1,0,0,3,1.6,0,0,0,0,5,3.5,0,0,0
LivingstonCreek116,RR,8,1.5,3,2.4,1,1.7,4,2.1,0,0,3,3.6,0,0,1
LivingstonCreek116,RR,9,2,4,3.1,2,1.6,2,1.8,0,0,2,2.9,1,0.1,0
LivingstonCreek116,RR,10,0.5,0,0,2,0.7,1,0.3,0,0,5,4.4,0,0,0
LivingstonCreek211,RA,1,1.5,1,1.9,0,0,2,1.7,0,0,4,2.7,1,0.6,0
LivingstonCreek211,RA,2,2.5,3,2.2,1,0.8,3,1.8,0,0,3,2.8,3,0.6,0
LivingstonCreek211,RA,3,0.5,1,1.4,0,0,3,1.3,0,0,2,3.1,4,0.5,0
LivingstonCreek211,RA,4,1.5,2,1.5,1,1.5,2,2.3,0,0,3,3.2,3,0.4,0
LivingstonCreek211,RA,5,1,1,2.3,1,0.9,3,2.2,0,0,4,3.1,3,0.6,0
LivingstonCreek211,RR,6,1.5,0,0,0,0,3,1.4,0,0,5,4.9,1,0.2,0
LivingstonCreek211,RR,7,1,1,0.8,1,0.6,2,0.8,0,0,3,2.9,0,0,0
LivingstonCreek211,RR,8,0.5,1,1.1,1,0.6,2,0.8,0,0,3,2.3,4,0.5,0
LivingstonCreek211,RR,9,1,3,2.9,0,0,3,1.5,0,0,3,2.8,3,0.9,0
LivingstonCreek211,RR,10,0.5,2,0.8,1,0.5,3,1,0,0,2,2,4,0.3,0
LivingstonCreek210,RR,1,2,0,0,0,0,0,0,0,0,3,3.6,0,0,3
LivingstonCreek210,RR,2,11.5,0,0,5,11,0,0,0,0,2,2.1,0,0,2
LivingstonCreek210,RR,3,3,0,0,2,1.9,0,0,0,0,3,4.2,0,0,3
LivingstonCreek210,RR,4,0.5,0,0,0,0,0,0,0,0,1,0.6,0,0,6
LivingstonCreek210,RR,5,0,0,0,0,0,0,0,0,0,0,0,0,0,6
LivingstonCreek210,RR,6,1.5,3,1.8,2,1.5,0,0,0,0,3,2.7,2,0.5,0
LivingstonCreek210,RR,7,2,2,2.2,3,1.9,0,0,0,0,4,3.7,0,0,1
LivingstonCreek210,RR,8,2.5,2,1.4,2,1.7,2,1.7,0,0,4,2.9,0,0,0
LivingstonCreek210,RR,9,1.5,0,0,3,2.5,5,2.4,0,0,1,2.2,0,0,2
LivingstonCreek210,RR,10,1.5,0,0,2,1.4,0,0,0,0,2,3.4,0,0,4
LivingstonCreek29,RR,1,2,0,0,3,0.8,1,0.8,0,0,2,2.9,2,0.8,0
LivingstonCreek29,RR,2,0.5,0,0,3,1.1,0,0,0,0,4,3.1,2,0.6,0
LivingstonCreek13,RR,6,0,0,0,0,0,2,1.4,0,0,1,2,3,0.4,5
LivingstonCreek13,RR,7,0.5,0,0,0,0,3,1,0,0,2,0.9,3,0.2,3
LivingstonCreek13,RR,8,1,0,0,2,0.4,4,0.7,0,0,3,2.2,0,0,0
LivingstonCreek13,RR,9,1,0,0,3,2.9,3,2.3,0,0,2,2.3,1,0.4,0
LivingstonCreek13,RR,10,0.5,0,0,2,1.7,3,1.1,0,0,3,2.4,1,0.1,0
LivingstonCreek14,RA,1,0.5,3,1.3,0,0,3,1.2,0,0,2,1.5,2,0.8,0
LivingstonCreek14,RA,2,0.5,2,1.2,1,0.3,1,1.2,0,0,4,2.1,3,1,0
LivingstonCreek14,RA,3,0.5,2,1.1,1,0.9,3,0.8,0,0,2,2.3,3,0.5,0
LivingstonCreek14,RA,4,0.5,2,1.8,0,0,1,1.3,0,0,4,1.6,3,0.9,0
LivingstonCreek14,RA,5,3,1,1.1,0,0,1,1,0,0,4,2.6,0,0,0
LivingstonCreek14,RR,6,0.5,2,1.2,0,0,5,1.3,0,0,2,1.8,3,1.1,0
LivingstonCreek14,RR,7,1,3,1.4,0,0,3,1.2,0,0,3,2.7,5,0.8,0
LivingstonCreek14,RR,8,1,2,1.1,0,0,3,1.5,0,0,3,2.8,4,1.1,0
LivingstonCreek14,RR,9,0,3,0.9,1,0.9,2,1,0,0,1,2.3,5,0.7,0
LivingstonCreek14,RR,10,0.5,2,0.8,0,0,3,0.8,0,0,3,2.9,5,0.9,0
LivingstonCreek14,RR,11,0,0,0,0,0,3,0.8,0,0,1,1.1,3,0.1,4
LivingstonCreek14,RR,12,0,0,0,0,0,4,0.5,0,0,3,1.9,4,0.3,1
LivingstonCreek14,RR,13,0,0,0,0,0,4,0.5,0,0,1,0.8,4,0.6,3
LivingstonCreek14,RR,14,0,0,0,0,0,4,1.4,0,0,1,0.9,3,0.4,3
LivingstonCreek14,RR,15,0.5,0,0,0,0,5,0.8,0,0,2,2.3,4,0.8,0
LivingstonCreek15,RA,1,2.5,2,2.3,1,0.8,1,1.6,0,0,6,3.6,1,0.4,0
LivingstonCreek15,RA,2,2,1,1.9,0,0,1,1.5,0,0,5,3.8,0,0,0
LivingstonCreek15,RA,3,1.5,1,0.8,0,0,2,1,0,0,4,4.1,0,0,0
LivingstonCreek15,RA,4,2,1,2.1,0,0,1,1.4,0,0,5,3.8,1,0.5,0
LivingstonCreek15,RA,5,1,2,1,0,0,2,1.3,0,0,4,4.1,2,0.5,0
LivingstonCreek15,RR,6,1.5,1,1.1,2,0.9,2,1.4,0,0,5,3.9,0,0,0
LivingstonCreek15,RR,7,1,1,0.9,0,0,1,0.8,0,0,5,3.5,1,0.4,0
LivingstonCreek15,RR,8,1,0,0,1,0.5,1,0.4,0,0,4,3.5,0,0,0
LivingstonCreek15,RR,9,2,0,0,2,1.1,0,0,0,0,6,3.8,0,0,0
LivingstonCreek15,RR,10,5,0,0,0,0,0,0,0,0,2,4.7,0,0,0
LivingstonCreek16,RA,1,0.5,2,1.3,0,0,2,0.9,0,0,4,2.7,2,0.7,0
LivingstonCreek16,RA,2,1,2,2.5,1,1.3,2,1.8,0,0,5,2.6,1,1,0
LivingstonCreek16,RA,3,0.5,2,2.6,0,0,2,0.6,0,0,3,2.8,3,0.6,0
LivingstonCreek16,RA,4,1,2,2.1,1,0.9,3,1.7,0,0,3,2.8,1,0.5,0
LivingstonCreek16,RA,5,1,1,1.8,0,0,2,1.5,0,0,4,3,1,0.4,0
LivingstonCreek16,RR,6,1.5,1,2.1,1,1.4,2,1.1,0,0,5,3.8,2,0.3,0
LivingstonCreek16,RR,7,1.5,1,1.4,1,1,1,1.2,0,0,6,4.7,0,0,0
LivingstonCreek16,RR,8,1,2,1.2,0,0,1,1.2,0,0,5,2.7,0,0,0
LivingstonCreek16,RR,9,1,2,1.1,0,0,2,1.2,0,0,5,2.6,3,0.7,0
LivingstonCreek16,RR,10,0.5,3,1.2,0,0,3,0.8,0,0,2,1.6,5,0.9,0
LivingstonCreek17,RA,1,1,1,1.2,1,1.2,1,0.7,0,0,4,3.3,1,0.4,0
LivingstonCreek17,RA,2,0.5,2,0.4,2,1.3,1,1,0,0,4,3.2,1,0.4,0
LivingstonCreek17,RA,3,1.5,1,1.6,2,2,1,1,0,0,4,3.6,1,0.4,0
LivingstonCreek17,RA,4,1.5,2,0.8,0,0,2,1.4,0,0,4,4.5,1,0.3,0
LivingstonCreek17,RA,5,1.5,2,1,0,0,2,1.3,0,0,4,3.2,1,0.7,0
LivingstonCreek17,RA,6,1,2,1.1,2,1.4,1,0.5,0,0,4,4,1,0.8,0
LivingstonCreek17,RA,7,1,2,2.3,0,0,3,0.5,0,0,3,2.8,2,0.9,0
LivingstonCreek17,RA,8,1.5,2,3,1,1.3,1,0.8,0,0,4,3.2,1,1.1,0
LivingstonCreek29,RR,3,1.5,0,0,3,1.3,0,0,0,0,4,3.2,2,0.9,0
LivingstonCreek29,RR,4,1,0,0,4,0.8,2,1.7,0,0,3,2.8,0,0,0
LivingstonCreek29,RR,5,1.5,0,0,2,0.9,2,1.3,0,0,5,2.2,0,0,0
LivingstonCreek29,RR,6,2,3,3,3,2.8,0,0,0,0,2,3.2,0,0,0
LivingstonCreek29,RR,7,2,0,0,3,2.9,2,1.8,0,0,4,3.4,0,0,0
LivingstonCreek29,RR,8,1,2,0.7,3,1.9,1,1,0,0,3,3,2,0.3,0
LivingstonCreek29,RR,9,2,3,4,4,2.5,0,0,0,0,4,3.6,1,0.7,0
LivingstonCreek29,RR,10,1.5,5,1.8,2,2,0,0,0,0,1,2.7,3,0.8,0
LivingstonCreek28,RA,1,1,0,0,2,1.1,2,1.4,0,0,3,3.2,3,0.5,0
LivingstonCreek28,RA,2,1,1,1.3,3,1.8,2,1.9,0,0,3,2.7,1,0.4,0
LivingstonCreek28,RA,3,1.5,0,0,3,0.9,0,0,0,0,5,2.7,0,0,0
LivingstonCreek28,RA,4,1,0,0,3,1.2,1,1.5,0,0,4,3,2,0.6,0
LivingstonCreek28,RA,5,1.5,0,0,2,0.8,0,0,0,0,4,3,2,0.7,0
LivingstonCreek28,RR,6,1,0,0,3,1.3,0,0,0,0,3,2.8,0,0,0
LivingstonCreek28,RR,7,1,0,0,2,0.6,0,0,0,0,3,3.3,0,0,0
LivingstonCreek28,RR,8,1,0,0,3,1,0,0,0,0,3,2.6,0,0,0
LivingstonCreek28,RR,9,1.5,0,0,3,0.9,0,0,0,0,5,2.1,0,0,0
LivingstonCreek28,RR,10,1,0,0,2,1.3,0,0,0,0,5,2,1,0.5,0
LivingstonCreek27,RA,1,0.5,0,0,1,0.5,4,0.9,0,0,2,2.5,3,0.4,0
LivingstonCreek27,RA,2,1,0,0,1,0.6,3,1.9,0,0,4,2.6,0,0,0
LivingstonCreek27,RA,3,0.5,1,0.9,3,1.2,1,1.2,0,0,4,2.4,1,0.5,0
LivingstonCreek27,RA,4,0.5,1,0.5,0,0,5,1,0,0,2,1.6,1,0.8,0
LivingstonCreek27,RA,5,0.5,0,0,0,0,4,0.7,0,0,2,1.6,3,0.3,0
LivingstonCreek27,RR,6,0.5,0,0,2,1.3,4,1.3,0,0,1,2.1,3,1,0
LivingstonCreek13,RA,11,0,0,0,1,0.3,3,0.5,0,0,2,1.7,3,0.5,0
LivingstonCreek13,RA,12,0,0,0,1,0.4,3,1.4,0,0,1,1.2,3,0.2,3
LivingstonCreek13,RR,1,0,0,0,0,0,5,1,0,0,1,0.9,2,0.2,2
LivingstonCreek13,RA,13,0,0,0,1,0.4,4,1.2,0,0,2,2.5,1,0.3,1
LivingstonCreek27,RR,7,0.5,0,0,2,1.2,3,1.5,0,0,3,1.4,2,0.8,0
LivingstonCreek27,RR,8,0.5,0,0,0,0,4,1.4,0,0,1,1.1,5,0.3,0
LivingstonCreek27,RR,9,0,0,0,1,0.5,4,0.9,0,0,2,1.7,4,0.5,0
LivingstonCreek27,RR,10,0,0,0,2,0.6,3,1.3,0,0,2,1.9,4,0.3,0
LivingstonCreek26,RA,1,1,0,0,2,1.7,3,2.1,0,0,3,2.2,2,0.4,0
LivingstonCreek26,RA,2,1,0,0,3,0.8,0,0,0,0,4,2.5,0,0,0
LivingstonCreek26,RA,3,1,0,0,2,0.7,2,0.7,0,0,4,2,1,0.8,0
LivingstonCreek26,RA,4,0.5,0,0,1,0.2,4,1,0,0,3,1.9,2,0.6,0
LivingstonCreek26,RA,5,0,0,0,0,0,3,1,0,0,3,1.7,3,0.2,0
LivingstonCreek26,RR,6,1.5,0,0,2,0.9,2,0.6,0,0,5,3.5,1,0.3,1
LivingstonCreek26,RR,7,1,0,0,2,1.5,3,1,0,0,4,3.3,3,0.6,0
LivingstonCreek26,RR,8,1,0,0,2,1.3,4,0.8,0,0,3,3.8,2,0.7,0
LivingstonCreek26,RR,9,1,0,0,3,1.6,0,0,0,0,5,2.9,0,0,0
LivingstonCreek26,RR,10,0.5,0,0,2,1,1,0.2,0,0,4,2.8,1,0.2,0
LivingstonCreek25,RA,1,1,0,0,3,0.9,1,0.6,0,0,4,3.5,2,0.3,0
LivingstonCreek25,RA,2,2,0,0,2,0.8,0,0,0,0,5,3.2,0,0,0
LivingstonCreek25,RA,3,0,0,0,2,0.8,2,0.2,0,0,3,1.3,3,0.2,0
LivingstonCreek25,RA,4,0.5,0,0,1,0.4,3,0.4,0,0,2,0.8,4,0.3,2
LivingstonCreek25,RA,5,0,0,0,1,0.5,3,0.5,0,0,2,1.2,4,0.3,2
LivingstonCreek25,RR,6,2,0,0,2,1.9,0,0,0,0,5,3.6,0,0,0
LivingstonCreek25,RR,7,0.5,1,0.9,1,1.3,3,1.5,0,0,4,3.5,2,0.5,0
LivingstonCreek25,RR,8,1,0,0,2,0.6,1,0.2,0,0,5,3.4,0,0,0
LivingstonCreek25,RR,9,1,0,0,2,0.6,2,0.6,0,0,5,4,2,0.5,0
LivingstonCreek25,RR,10,1,0,0,3,2.5,1,0.5,0,0,3,3.2,0,0,0
LivingstonCreek13,RA,14,0.5,2,0.5,0,0,4,0.5,0,0,2,3,1,0.5,1
LivingstonCreek13,RA,15,2,0,0,1,0.8,4,0.2,0,0,2,1.8,2,0.1,2
LivingstonCreek13,RR,2,0.5,1,0.4,3,0.5,3,0.7,0,0,4,1.4,2,0.3,0
LivingstonCreek13,RR,3,1.5,0,0,3,0.5,2,1.4,0,0,5,2.2,0,0,0
LivingstonCreek13,RR,4,0.5,0,0,3,0.8,3,0.6,0,0,4,3,1,0.5,0
LivingstonCreek13,RR,5,0.5,0,0,2,0.4,3,0.8,0,0,4,1.9,1,0.6,0
LivingstonCreek17,RA,9,1,1,2.4,0,0,3,1.4,0,0,2,2.4,2,0.5,0
LivingstonCreek17,RA,10,1.5,1,1.1,0,0,2,1.1,0,0,4,3.1,3,0.5,0
LivingstonCreek17,RR,11,4,0,0,4,3.7,0,0,0,0,5,4.4,0,0,2
LivingstonCreek17,RR,12,3.5,0,0,4,3.9,0,0,0,0,4,3.5,0,0,3
LivingstonCreek17,RR,13,3.5,0,0,2,2.3,0,0,0,0,6,5.3,0,0,0
LivingstonCreek17,RR,14,2.5,0,0,3,2.4,0,0,0,0,4,4.6,0,0,4
LivingstonCreek17,RR,15,3,0,0,4,3.2,0,0,0,0,2,2.9,0,0,4
LivingstonCreek18,RA,1,4.5,0,0,2,1.5,2,1.3,0,0,4,2.5,0,0,0
LivingstonCreek18,RA,2,1.5,3,0.7,1,2.5,3,2.1,0,0,2,3.3,1,0.4,0
LivingstonCreek18,RA,3,1.5,1,0.9,0,0,3,1.1,0,0,3,2.2,1,0.5,0
LivingstonCreek18,RA,4,6.5,0,0,4,3.9,4,2.9,0,0,2,2.4,1,0.5,0
LivingstonCreek18,RA,5,1,0,0,4,2.6,0,0,0,0,3,2.1,0,0,0
LivingstonCreek18,RA,6,5,0,0,3,3.9,2,1.2,0,0,3,1.7,0,0,2
LivingstonCreek18,RA,7,1.5,0,0,3,2.2,0,0,0,0,4,3,0,0,0
LivingstonCreek18,RA,8,1.5,0,0,2,1.3,1,1,0,0,4,3.6,0,0,0
LivingstonCreek18,RA,9,1.5,1,1.1,2,0.9,1,0.5,0,0,5,2.4,1,0.4,0
LivingstonCreek18,RA,10,2.5,1,0.6,2,1.3,3,1,0,0,2,4,2,0.7,0
LivingstonCreek18,RR,11,1.5,0,0,0,0,3,1.4,0,0,3,2.8,3,0.8,0
LivingstonCreek18,RR,12,1,2,1.3,1,1.3,4,3,0,0,4,2.7,1,0.6,0
LivingstonCreek18,RR,13,2.5,2,3.2,2,2.2,4,3.2,0,0,2,4.4,2,0.7,0
LivingstonCreek18,RR,14,2,2,1.6,2,1.1,3,1.5,0,0,3,3.6,4,0.7,0
LivingstonCreek18,RR,15,1,2,1.3,2,2,2,2.7,0,0,2,2.8,4,0.9,0
LivingstonCreek12,RA,1,0.5,2,1,1,0.4,3,0.9,0,0,2,2,3,0.4,0
LivingstonCreek12,RA,2,0,0,0,0,0,4,0.4,0,0,2,1.2,3,0.5,1
LivingstonCreek12,RA,3,0.5,2,0.7,0,0,4,0.6,0,0,2,1.4,2,0.4,0
LivingstonCreek12,RA,4,0,0,0,1,0.5,3,1.4,0,0,3,1.1,2,0.7,0
LivingstonCreek12,RA,5,0.5,0,0,2,0.8,3,1.2,0,0,2,1.6,1,0.5,0
LivingstonCreek12,RR,6,0.5,2,0.9,1,0.5,4,1.2,0,0,2,2.6,2,0.3,0
LivingstonCreek12,RR,7,1,4,1.3,2,0.7,4,0.7,0,0,2,2.4,3,0.6,2
LivingstonCreek12,RR,8,0,2,0.4,0,0,4,0.7,0,0,2,1.5,4,0.5,2
LivingstonCreek12,RR,9,0.5,1,0.8,1,0.7,4,0.8,0,0,2,2.1,5,0.5,0
LivingstonCreek12,RR,10,0.5,3,1,0,0,3,0.6,0,0,2,1.4,4,0.6,0
LivingstonCreek11,RA,1,0,0,0,1,0.1,0,0,0,0,1,0.4,1,0.1,6
LivingstonCreek11,RA,2,0.5,0,0,4,2.9,2,1,0,0,1,2.6,3,0.1,3
LivingstonCreek11,RA,3,0,0,0,0,0,2,4,0,0,3,1.3,2,0.2,2
LivingstonCreek11,RA,4,0,0,0,1,0.9,2,0.5,0,0,0,0,2,0.2,6
LivingstonCreek11,RA,5,0,0,0,2,0.2,2,0.2,0,0,2,0.5,4,0.1,4
LivingstonCreek11,RR,6,0.5,0,0,0,0,3,0.9,0,0,3,1.7,4,0.3,0
LivingstonCreek11,RR,7,0,0,0,0,0,4,0.8,0,0,1,1,3,0.3,3
LivingstonCreek11,RR,8,0.5,0,0,0,0,2,0.6,0,0,3,2.2,5,0.4,2
LivingstonCreek11,RR,9,0,0,0,0,0,1,0.2,0,0,3,2.3,5,0.3,3
LivingstonCreek11,RR,10,0.5,0,0,0,0,3,0.8,0,0,2,1.5,4,0.8,3
LivingstonCreek19,RA,1,0.5,0,0,2,0.8,1,0.9,0,0,3,2.7,1,0.5,0
LivingstonCreek19,RA,2,0.5,0,0,2,0.4,1,0.2,0,0,4,1.9,2,0.3,3
LivingstonCreek19,RA,3,2,0,0,2,0.7,4,1.7,0,0,3,0.9,1,0.3,1
LivingstonCreek19,RA,4,0.5,0,0,2,0.9,4,1.1,0,0,2,2,2,0.3,0
LivingstonCreek19,RA,5,1,0,0,2,0.4,0,0,0,0,4,1.8,0,0,2
LivingstonCreek19,RR,6,1.5,0,0,3,2.2,2,2,0,0,4,3.6,0,0,0
LivingstonCreek19,RR,7,1,0,0,2,2.8,1,0.8,0,0,3,2.8,1,0.5,0
LivingstonCreek19,RR,8,3,0,0,4,3.5,3,2.6,0,0,3,3.4,2,0.4,0
LivingstonCreek19,RR,9,1,0,0,2,0.8,0,0,0,0,5,3.1,1,0.1,0
LivingstonCreek19,RR,10,0.5,0,0,3,3.6,1,0.7,0,0,5,3.9,1,0.3,0
LivingstonCreek110,RA,1,1.5,0,0,1,0.6,4,2,0,0,3,3.2,1,0.9,0
LivingstonCreek110,RA,2,1.5,2,1.1,1,1.2,2,1.3,0,0,4,4.1,0,0,0
LivingstonCreek110,RA,3,1,1,1.4,1,0.3,1,0.8,0,0,5,3.1,0,0,0
LivingstonCreek110,RA,4,0.5,1,1.5,0,0,4,1.1,0,0,2,3.1,1,0.7,0
LivingstonCreek110,RA,5,1,1,0.8,1,0.8,1,1.2,0,0,6,3.5,1,0.6,0
LivingstonCreek110,RR,6,1.5,2,1,0,0,4,1.4,0,0,3,3,3,0.8,0
LivingstonCreek110,RR,7,1,1,0.3,0,0,3,0.7,0,0,3,1.7,4,0.5,0
LivingstonCreek110,RR,8,0.5,1,0.4,0,0,3,1.2,0,0,4,2.2,3,1,0
LivingstonCreek110,RR,9,1,1,1.6,0,0,6,1.7,0,0,1,2.3,3,0.5,0
LivingstonCreek110,RR,10,1.5,1,0.8,2,3.1,2,2.7,0,0,4,4,0,0,0
LivingstonCreek111,RA,1,0.5,0,0,1,0.6,1,0.6,0,0,6,2.5,0,0,0
LivingstonCreek111,RA,2,0.5,1,0.6,1,0.6,1,1.2,0,0,6,2.1,1,0.4,0
LivingstonCreek111,RA,3,0.5,0,0,1,0.3,0,0,0,0,6,2.8,0,0,0
LivingstonCreek111,RA,4,1.5,2,1.5,1,0.2,1,0.8,0,0,4,3.8,0,0,0
LivingstonCreek111,RA,5,1.5,0,0,1,1.2,4,2.2,0,0,3,4.1,0,0,0
LivingstonCreek111,RR,6,1.5,0,0,1,0.3,3,1.8,0,0,3,2.6,4,0.5,0
LivingstonCreek111,RR,7,1,1,0.4,2,1.1,3,1,0,0,4,3.2,1,0.1,0
LivingstonCreek111,RR,8,1,1,0.8,1,0.9,2,0.4,0,0,5,2.3,2,0.4,1
LivingstonCreek111,RR,9,0.5,0,0,1,1.3,3,0.9,0,0,5,2.9,2,0.5,1
LivingstonCreek111,RR,10,1,2,1.5,0,0,4,1.4,0,0,3,1.8,1,0.1,0
LivingstonCreek24,RA,1,1,0,0,2,1,1,0.8,0,0,5,2.5,1,0.6,0
LivingstonCreek24,RA,2,2,0,0,4,1,0,0,0,0,3,3.4,1,0.5,0
LivingstonCreek24,RA,3,1,0,0,2,1,0,0,0,0,4,1.9,2,0.5,0
LivingstonCreek24,RA,4,0,0,0,3,0.6,1,0.6,0,0,4,2.5,0,0,0
LivingstonCreek24,RA,5,1,0,0,3,1.3,1,0.5,0,0,3,3.3,2,0.9,0
LivingstonCreek24,RR,6,0.5,0,0,3,1.3,0,0,0,0,3,3,2,0.8,0
LivingstonCreek24,RR,7,0.5,0,0,3,0.8,0,0,0,0,4,2.8,0,0,0
LivingstonCreek24,RR,8,0.5,0,0,3,0.6,0,0,0,0,4,3.1,0,0,0
LivingstonCreek24,RR,9,1.5,0,0,3,1,0,0,0,0,5,3.8,0,0,0
LivingstonCreek24,RR,10,1.5,0,0,3,0.9,1,0.7,0,0,5,3,1,0.6,0
LivingstonCreek23,RA,1,1,0,0,3,1.8,0,0,0,0,4,2.6,0,0,0
LivingstonCreek23,RA,2,1.5,0,0,2,1,1,0.7,0,0,4,3,0,0,0
LivingstonCreek23,RA,3,0.5,0,0,3,0.7,0,0,0,0,3,2.5,0,0,0
LivingstonCreek23,RA,4,1.5,0,0,3,1.5,0,0,0,0,4,3.4,0,0,0
LivingstonCreek23,RA,5,1,0,0,3,0.6,0,0,0,0,4,3,0,0,0
LivingstonCreek23,RR,6,0.5,0,0,2,0.7,1,1.1,0,0,3,2.3,1,0.2,0
LivingstonCreek23,RR,7,0.5,0,0,1,0.6,0,0,0,0,4,3.2,0,0,0
LivingstonCreek23,RR,8,0,0,0,3,1,0,0,0,0,3,2.9,0,0,0
LivingstonCreek23,RR,9,0.5,0,0,2,0.7,3,1.2,0,0,2,2.2,2,0.5,1
LivingstonCreek23,RR,10,1,0,0,3,0.8,0,0,0,0,3,2.6,0,0,0
LivingstonCreek22,RA,1,0.5,0,0,3,0.7,1,0.4,0,0,2,2.3,0,0,0
LivingstonCreek22,RA,2,1,0,0,2,1.2,1,0.6,0,0,5,2,1,0.4,0
LivingstonCreek22,RA,3,1.5,0,0,2,1.3,0,0,0,0,4,2,1,0.7,1
LivingstonCreek22,RA,4,1,0,0,4,2.5,0,0,0,0,3,2.6,0,0,0
LivingstonCreek22,RA,5,1,0,0,2,0.7,2,0.4,0,0,5,2.3,1,0.5,0
LivingstonCreek22,RR,6,0.5,0,0,2,0.9,2,1.3,0,0,3,2.1,4,0.5,0
LivingstonCreek22,RR,7,0.5,0,0,3,0.9,0,0,0,0,4,1.4,0,0,0
LivingstonCreek22,RR,8,0.5,0,0,2,0.4,2,0.3,0,0,4,2.4,4,0.4,0
LivingstonCreek22,RR,9,0.5,0,0,2,1.1,0,0,0,0,6,2.4,3,0.6,0
LivingstonCreek22,RR,10,1,0,0,1,0.8,3,1.3,0,0,5,2.6,2,0.5,0
LivingstonCreek21,RA,1,1,1,0.9,2,0.8,0,0,0,0,4,2.8,2,0.6,0
LivingstonCreek21,RA,2,1.5,0,0,3,1.3,0,0,0,0,4,4,0,0,0
LivingstonCreek21,RA,3,1,0,0,2,0.8,2,1,0,0,4,3,1,0.4,0
LivingstonCreek21,RA,4,2,0,0,3,1.7,0,0,0,0,4,3.7,1,0.6,0
LivingstonCreek21,RA,5,1,0,0,2,0.6,1,0.5,0,0,4,3.5,1,0.3,0
LivingstonCreek21,RR,6,2,0,0,4,3.7,0,0,0,0,3,3.4,0,0,0
LivingstonCreek21,RR,7,1,0,0,1,1.1,0,0,0,0,3,1.8,3,0.5,0
LivingstonCreek21,RR,8,2.5,0,0,4,3,0,0,0,0,3,4.1,0,0,0
LivingstonCreek21,RR,10,0.5,1,2.7,4,3.9,2,1.1,0,0,4,2.7,2,0.7,0
LivingstonCreek21,RR,9,1.5,0,0,3,2.5,0,0,0,0,4,2.9,0,0,0
McAdamCreek18,RA,1,0,0,0,1,0.1,1,1.7,0,0,3,3.1,1,0.6,0
McAdamCreek18,RA,2,9,0,0,2,1,2,1.5,0,0,2,1.8,1,0.7,0
McAdamCreek18,RA,3,1,0,0,1,0.6,1,0.9,0,0,4,2.9,0,0,0
McAdamCreek18,RA,4,1.5,0,0,2,8.5,3,1.2,0,0,2,3.1,0,0,0
McAdamCreek18,RA,5,0.5,0,0,2,17.7,2,0.2,0,0,2,2.7,0,0,0
McAdamCreek18,RA,6,3,0,0,3,3.1,2,2.2,0,0,2,3.3,2,0.3,0
McAdamCreek18,RA,7,4.5,2,7.2,1,5.4,3,2.9,0,0,1,2.2,2,0.3,0
McAdamCreek18,RA,8,1,0,0,2,7.5,3,1.1,0,0,2,1.6,0,0,0
McAdamCreek18,RA,9,0.5,1,1.8,1,1.6,1,0.4,0,0,3,1.2,1,0.2,0
McAdamCreek18,RA,10,1.5,0,0,1,0.7,2,0.8,0,0,5,3.2,0,0,0
McAdamCreek18,RA,11,0.5,1,0.6,0,0,1,0.4,0,0,3,2,1,0.2,3
McAdamCreek18,RA,12,0.5,0,0,0,0,1,0.6,0,0,3,2.6,1,0.2,3
McAdamCreek18,RA,13,1,0,0,1,0.6,1,0.5,0,0,4,2.7,1,0.4,3
McAdamCreek18,RA,14,1,0,0,0,0,1,0.3,0,0,3,2.3,0,0,3
McAdamCreek18,RA,15,0,1,0.4,1,0.2,1,0.5,0,0,3,1,3,0.3,0
McAdamCreek17,RA,1,1,0,0,1,2.6,0,0,0,0,4,3,0,0,0
McAdamCreek17,RA,2,1.5,0,0,2,2.8,1,0.3,0,0,3,2.3,1,0.2,0
McAdamCreek17,RA,3,1,0,0,1,0.2,1,0.3,0,0,3,2.2,2,0.1,0
McAdamCreek17,RA,4,3,0,0,3,4.3,0,0,0,0,3,3.9,0,0,0
McAdamCreek17,RA,5,1,0,0,2,0.5,2,1,0,0,3,2.1,1,0.4,0
McAdamCreek17,RA,6,0.5,0,0,0,0,0,0,0,0,2,0.9,1,0.1,0
McAdamCreek17,RA,7,0.5,0,0,0,0,0,0,0,0,4,1.6,1,0.3,0
McAdamCreek17,RA,8,0.5,0,0,0,0,0,0,0,0,2,1.7,0,0,0
McAdamCreek17,RA,9,0.5,0,0,2,0.6,0,0,0,0,2,1.8,0,0,0
McAdamCreek17,RA,10,3.5,0,0,1,0.4,2,0.6,0,0,2,1.1,1,0.4,0
McAdamCreek17,RA,11,1,0,0,2,0.7,3,1.1,0,0,3,2,1,0.4,0
McAdamCreek17,RA,12,0.5,0,0,2,0.5,3,1.1,0,0,3,1.8,2,0.6,0
McAdamCreek17,RA,13,1,0,0,2,0.4,2,0.5,0,0,2,1.4,3,0.4,0
McAdamCreek17,RA,14,0,0,0,2,0.5,2,0.8,0,0,3,1.6,2,0.3,0
McAdamCreek17,RA,15,0.5,0,0,2,0.7,3,0.6,0,0,2,1.9,2,0.1,0
McAdamCreek16,RA,1,1.5,1,1.3,1,1.2,0,0,0,0,5,3.5,0,0,0
McAdamCreek16,RA,2,1.5,0,0,2,1.1,1,0.7,0,0,5,3.7,0,0,0
McAdamCreek16,RA,3,1,2,3.3,1,1.5,0,0,0,0,4,2,1,0.2,0
McAdamCreek16,RA,4,1.5,2,1.2,2,0.5,2,0.9,0,0,4,2.6,1,0.3,0
McAdamCreek16,RA,5,0.5,0,0,1,0.7,1,0.6,0,0,3,2.2,1,0.4,0
McAdamCreek16,RA,6,0.5,0,0,2,0.6,1,0.5,0,0,3,2,1,0.1,0
McAdamCreek16,RA,7,1.5,0,0,2,1.1,1,1.1,0,0,4,2.4,0,0,0
McAdamCreek16,RA,8,1,0,0,2,0.7,1,1.2,0,0,3,2.2,0,0,0
McAdamCreek16,RA,9,1.5,0,0,3,2.9,3,1.9,0,0,2,2.8,1,0.6,0
McAdamCreek16,RA,10,1,0,0,2,0.7,0,0,0,0,3,1.8,0,0,0
McAdamCreek16,RA,11,2.5,0,0,2,1.6,2,1,0,0,5,2.8,2,0.6,0
McAdamCreek16,RA,12,1,0,0,2,0.8,1,0.5,0,0,4,2.5,1,0.1,0
McAdamCreek16,RA,13,1,2,1.5,1,1.7,2,2,0,0,3,2.3,2,0.5,0
McAdamCreek16,RA,14,1,0,0,1,0.4,1,0.6,0,0,5,3.1,1,0.8,0
McAdamCreek16,RA,15,2,0,0,2,1.2,0,0,0,0,4,3.4,0,0,0
McAdamCreek15,RA,1,1,3,0.7,1,0.5,1,0.8,0,0,3,1.2,2,0.3,0
McAdamCreek15,RA,2,0.5,0,0,2,0.6,1,0.6,0,0,2,1.5,2,0.6,1
McAdamCreek15,RA,3,1.5,2,1.2,2,0.8,0,0,0,0,4,1.9,2,0.6,0
McAdamCreek15,RA,4,1.5,3,1.1,0,0,3,0.8,0,0,3,0.9,2,0.3,0
McAdamCreek15,RA,5,1,0,0,3,0.8,3,0.5,0,0,2,1.2,2,0.4,0
McAdamCreek15,RA,6,0.5,0,0,2,0.6,1,0.4,0,0,3,1.7,2,0.4,0
McAdamCreek15,RA,7,2,0,0,3,0.8,1,0.3,0,0,3,2.2,2,0.4,0
McAdamCreek15,RA,8,1,0,0,0,0,2,0.4,0,0,3,1.3,2,0.3,0
McAdamCreek15,RA,9,1.5,0,0,1,1.2,2,1,0,0,4,2.9,1,0.4,1
McAdamCreek15,RA,10,0.5,0,0,2,0.7,1,0.4,0,0,3,1.3,1,0.4,0
McAdamCreek15,RA,11,0.5,0,0,2,2,0,0,0,0,3,2.1,1,0.5,0
McAdamCreek15,RA,12,1,0,0,2,0.6,2,0.4,0,0,4,2.3,1,0.3,0
McAdamCreek15,RA,13,0.5,0,0,1,0.5,1,0.8,0,0,3,2.8,2,0.5,0
McAdamCreek15,RA,14,1.5,0,0,3,2.4,3,0.9,0,0,3,1.5,2,0.6,0
McAdamCreek15,RA,15,0.5,0,0,1,0.4,2,0.5,0,0,3,1.1,2,0.6,0
McAdamCreek14,RA,1,3.5,2,2.9,1,2.2,1,0.7,0,0,5,2.3,0,0,0
McAdamCreek14,RA,2,2,0,0,0,0,0,0,0,0,5,3.9,0,0,0
McAdamCreek14,RA,3,2,4,2.2,0,0,3,1.7,0,0,1,1.9,2,0.8,0
McAdamCreek14,RA,4,2,2,1.2,2,2,1,1.1,0,0,3,2.9,0,0,0
McAdamCreek14,RA,5,1.5,2,2.5,2,3.6,2,1.8,0,0,4,3.9,0,0,0
McAdamCreek14,RA,6,0.5,2,2.9,0,0,3,1.8,0,0,2,2.1,2,0.2,0
McAdamCreek14,RA,7,1.5,1,1.1,1,1.5,1,1.9,0,0,5,2.2,0,0,0
McAdamCreek14,RA,8,0.5,3,2.3,0,0,3,1.5,0,0,2,1.7,2,0.5,0
McAdamCreek14,RA,9,1.5,1,2.3,0,0,1,1.5,0,0,6,2.9,0,0,0
McAdamCreek14,RA,10,3,1,1.8,1,0.6,1,1.6,0,0,5,3.3,0,0,0
McAdamCreek14,RA,11,1.5,3,3.2,0,0,3,2.2,0,0,1,1.1,2,0.9,0
McAdamCreek14,RA,12,2,3,4.1,0,0,2,2.3,0,0,3,3.1,0,0,0
McAdamCreek14,RA,13,2,0,0,1,1.1,0,0,0,0,6,3,0,0,0
McAdamCreek14,RA,14,2.5,4,2.6,0,0,3,2.4,0,0,1,2.1,1,0.4,0
McAdamCreek14,RA,15,2.5,1,1.5,1,1,0,0,0,0,5,4,0,0,0
McAdamCreek13,RA,1,1.5,0,0,1,1,1,1,0,0,6,2.4,0,0,0
McAdamCreek13,RA,2,1.5,0,0,1,0.3,1,0.7,0,0,5,3.4,0,0,0
McAdamCreek13,RA,3,1.5,2,2.1,2,2,2,2,0,0,4,2.3,1,0.1,0
McAdamCreek13,RA,4,2.5,3,4.4,1,3.2,2,3.1,0,0,4,5.3,0,0,0
McAdamCreek13,RA,5,1.5,2,3.6,1,1.2,1,0.8,0,0,5,2.9,0,0,0
McAdamCreek13,RA,6,3.5,5,3,0,0,2,4,0,0,0,0,2,0.3,0
McAdamCreek13,RA,7,1.5,3,1.9,1,1.1,1,2,0,0,3,2,1,0.6,0
McAdamCreek13,RA,8,1.5,0,0,1,1.2,1,0.7,0,0,4,3.3,0,0,0
McAdamCreek13,RA,9,4,1,1.2,4,3.1,2,1,0,0,4,2.8,0,0,0
McAdamCreek13,RA,10,5,3,2.7,1,1.9,2,1.9,0,0,2,2.6,2,0.6,0
McAdamCreek13,RR,11,1,1,1.6,0,0,1,2.4,0,0,5,2.8,0,0,0
McAdamCreek13,RR,12,2,3,2.9,1,1.1,1,0.4,0,0,3,1.9,0,0,0
McAdamCreek13,RR,13,1.5,2,1.3,1,0.7,1,1.6,0,0,5,4,1,0.2,0
McAdamCreek13,RR,14,1,3,1.7,0,0,2,1.1,0,0,3,2.5,0,0,0
McAdamCreek13,RR,15,1,1,1.4,2,1.3,3,2.4,0,0,3,2.3,2,0.5,0
McAdamCreek12,RA,1,1.5,2,2,1,1.2,2,0.8,0,0,3,2,1,0.6,0
McAdamCreek12,RA,2,2.5,1,1.4,1,1,2,1.5,0,0,5,2.4,0,0,0
McAdamCreek12,RA,3,1.5,1,1.7,1,1.3,2,2.1,0,0,6,2.6,0,0,0
McAdamCreek12,RA,4,1.5,1,0.9,0,0,2,1.3,0,0,4,2.4,1,0.5,0
McAdamCreek12,RA,5,1.5,2,1.2,0,0,2,0.7,0,0,4,2.2,1,0.5,0
McAdamCreek12,RA,6,2,2,1.2,0,0,2,0.6,0,0,3,2.4,0,0,0
McAdamCreek12,RA,7,1,1,1.2,1,1,1,1.1,0,0,4,1.5,1,0.1,0
McAdamCreek12,RA,8,1.5,1,2.1,1,0.4,1,0.6,0,0,5,1.7,1,0.6,0
McAdamCreek12,RA,9,1.5,1,2,1,1.1,1,1.3,0,0,5,1.9,0,0,0
McAdamCreek12,RA,10,1.5,1,0.6,2,1.7,1,1.3,0,0,4,1.9,0,0,0
McAdamCreek12,RR,11,1.5,1,1,1,2,2,0.9,0,0,4,0.5,0,0,0
McAdamCreek12,RR,12,1.5,2,2.9,0,0,2,1.3,0,0,5,2.1,0,0,0
McAdamCreek12,RR,13,1.5,2,1,2,2.6,0,0,0,0,5,2.4,0,0,0
McAdamCreek12,RR,14,1.5,2,2,0,0,3,0.7,0,0,3,2.5,1,0.4,0
McAdamCreek12,RR,15,3,1,1.2,0,0,3,2.4,0,0,4,3.7,0,0,0
McAdamCreek11,RA,1,2,2,2.1,2,2.2,2,1.1,0,0,3,2.8,0,0,0
McAdamCreek11,RA,2,1,2,2,0,0,2,1.2,0,0,3,1.7,1,0.7,0
McAdamCreek11,RA,3,2,1,1.7,1,0.9,2,2.6,0,0,4,3.2,0,0,0
McAdamCreek11,RA,4,1.5,0,0,1,0.9,1,1.8,0,0,6,2.5,0,0,0
McAdamCreek11,RA,5,1.5,2,2.3,0,0,2,1.4,0,0,4,1.7,0,0,0
McAdamCreek11,RA,6,3,1,2.4,0,0,3,2,0,0,3,2.9,0,0,0
McAdamCreek11,RA,7,1.5,2,1.6,0,0,3,1.6,0,0,4,2.7,0,0,0
McAdamCreek11,RA,8,1.5,3,1.7,1,0.7,1,1.3,0,0,4,2.6,0,0,0
McAdamCreek11,RA,9,1.5,1,0.9,1,1.5,2,1.7,0,0,5,3.3,1,1.3,0
McAdamCreek11,RA,10,1,1,0.6,0,0,2,1.2,0,0,5,2.3,0,0,0
McAdamCreek11,RR,11,2,2,1.5,0,0,3,2.3,0,0,2,2.1,2,0.2,0
McAdamCreek11,RR,12,0.5,2,0.8,0,0,4,1.3,0,0,2,2.2,1,0.5,0
McAdamCreek11,RR,13,1.5,3,1.4,0,0,4,1.2,0,0,2,2.2,2,0.8,0
McAdamCreek11,RR,14,1.5,4,2.1,0,0,3,1.4,0,0,1,2.9,2,0.6,0
McAdamCreek11,RR,15,1,2,0.8,0,0,4,1.6,0,0,1,1.8,4,0.7,0
McAdamCreek27,RA,1,1,0,0,1,0.3,1,0.2,0,0,4,2.4,1,0.1,0
McAdamCreek27,RA,2,1,0,0,1,1.4,1,1,0,0,3,1.8,1,0.1,0
McAdamCreek27,RA,3,0.5,0,0,3,4,0,0,0,0,3,0.9,1,0.1,0
McAdamCreek27,RA,4,1,0,0,3,3.3,0,0,0,0,3,1.2,1,0.1,1
McAdamCreek27,RA,5,5,0,0,3,11.3,1,0.2,0,0,2,2,0,0,0
McAdamCreek27,RR,6,5.5,4,3.6,4,6.8,4,1.6,0,0,3,1.8,0,0,0
McAdamCreek27,RR,7,3,3,2.9,0,0,4,2.8,0,0,3,2.5,0,0,0
McAdamCreek27,RR,8,2,1,2.3,1,1.9,3,1.8,0,0,4,2.7,0,0,0
McAdamCreek27,RR,9,1,2,1.7,1,0.6,3,1.4,0,0,4,3.8,3,0.6,0
McAdamCreek27,RR,10,2.5,2,2.8,2,2.3,3,2.1,0,0,3,2.7,0,0,0
McAdamCreek26,RA,1,1,2,1.8,0,0,2,1.2,0,0,3,1.7,0,0,0
McAdamCreek26,RA,2,2.5,2,1.7,1,1.3,2,1.3,0,0,5,2.5,0,0,0
McAdamCreek26,RA,3,3.5,3,3.4,1,0.3,2,2.7,0,0,5,2.2,0,0,0
McAdamCreek26,RA,4,2,2,3.2,2,1.3,2,1.3,0,0,4,2.5,0,0,0
McAdamCreek26,RA,5,2,0,0,1,0.7,2,1.2,0,0,5,2.7,1,0.2,0
McAdamCreek26,RR,6,1.5,3,1.9,1,1.1,4,2.6,0,0,2,2,2,0.7,0
McAdamCreek26,RR,7,1.5,3,2.7,0,0,4,2.2,0,0,3,2.7,0,0,0
McAdamCreek26,RR,8,2,2,1.9,2,2,2,2.4,0,0,4,4.7,0,0,0
McAdamCreek26,RR,9,1,0,0,1,0.8,3,1.2,0,0,3,2.5,4,0.8,0
McAdamCreek26,RR,10,1.5,1,1.6,1,1,2,1,0,0,5,3.2,0,0,0
McAdamCreek25,RA,1,1.5,0,0,2,1.1,2,1.4,0,0,4,1.8,0,0,0
McAdamCreek25,RA,2,1.5,0,0,1,0.5,1,1,0,0,6,3.6,0,0,0
McAdamCreek25,RA,3,1.5,1,1.6,1,0.7,0,0,0,0,6,3.4,1,0.2,0
McAdamCreek25,RA,4,1,2,1.7,2,0.7,1,1.1,0,0,5,2.6,1,0.3,0
McAdamCreek25,RA,5,2,2,1.4,2,1.2,1,1.3,0,0,4,2.1,1,0.2,0
McAdamCreek25,RR,6,0.5,0,0,1,0.6,1,1.2,0,0,5,2.2,0,0,0
McAdamCreek25,RR,7,1,0,0,1,1.1,1,0.8,0,0,5,2.3,3,0.4,0
McAdamCreek25,RR,8,1.5,4,1,1,0.8,3,0.9,0,0,4,2.8,2,0.7,0
McAdamCreek25,RR,9,0.5,0,0,1,0.7,1,1,0,0,5,2.4,0,0,0
McAdamCreek25,RR,10,1.5,2,1.9,2,1.6,4,1.3,0,0,2,2.5,2,0.6,0
McAdamCreek24,RA,1,2,0,0,1,0.1,2,0.4,0,0,2,0.6,3,0.3,0
McAdamCreek24,RA,2,2,0,0,3,0.6,2,1.7,0,0,4,1.9,1,0.2,0
McAdamCreek24,RA,3,0.5,0,0,2,0.3,1,1.2,0,0,3,2.2,2,0.4,2
McAdamCreek24,RA,4,1,0,0,2,0.7,1,0.7,0,0,4,2,1,0.4,0
McAdamCreek24,RA,5,1,0,0,1,0.1,2,0.7,0,0,2,1,1,0.1,4
McAdamCreek24,RR,6,0,0,0,2,0.3,4,0.3,0,0,2,1.2,5,0.1,0
McAdamCreek24,RR,7,1,0,0,2,0.4,3,0.2,0,0,1,1.5,4,0.4,1
McAdamCreek24,RR,8,1,0,0,3,0.6,3,0.9,0,0,3,2.3,1,0.2,0
McAdamCreek24,RR,9,1,0,0,2,0.8,2,1.1,0,0,5,2.2,1,0.1,0
McAdamCreek24,RR,10,0.5,0,0,2,0.4,1,0.5,0,0,4,1.9,3,0.5,0
McAdamCreek23,RA,1,0.5,0,0,2,0.5,1,0.1,0,0,3,2.2,1,0.2,0
McAdamCreek23,RA,2,1,0,0,1,0.8,1,0.4,0,0,3,1.8,1,0.4,0
McAdamCreek23,RA,3,1.5,0,0,2,0.7,1,0.8,0,0,4,1.8,0,0,0
McAdamCreek23,RA,4,1,0,0,2,1,1,0.8,0,0,4,2.8,0,0,0
McAdamCreek23,RA,5,1,0,0,3,0.8,1,0.9,0,0,3,1.7,1,0.6,0
McAdamCreek23,RR,6,0.5,0,0,2,0.3,5,0.6,0,0,3,0.7,4,0.3,0
McAdamCreek23,RR,7,1,0,0,2,0.5,5,0.4,0,0,3,1.4,3,0.4,0
McAdamCreek23,RR,8,3,0,0,1,1,1,0.5,0,0,4,4.1,2,0.6,0
McAdamCreek23,RR,9,0,0,0,2,0.9,4,0.3,0,0,3,2.2,3,0.1,0
McAdamCreek23,RR,10,1,0,0,2,0.4,4,0.8,0,0,3,2.1,2,0.2,0
McAdamCreek22,RA,1,1,0,0,1,0.7,1,0.9,0,0,3,2.5,0,0,0
McAdamCreek22,RA,2,1,0,0,1,0.5,2,0.7,0,0,4,3.2,1,0.1,0
McAdamCreek22,RA,3,1,0,0,2,0.7,1,0.9,0,0,3,2.6,1,0.1,0
McAdamCreek22,RA,4,1,0,0,2,0.5,2,0.8,0,0,3,2.4,2,0.3,0
McAdamCreek22,RA,5,1,0,0,2,0.4,1,0.2,0,0,4,2.6,1,0.2,0
McAdamCreek22,RR,6,2,3,1.9,3,1.7,3,1.1,0,0,1,1.4,3,0.7,0
McAdamCreek22,RR,7,1.5,0,0,1,0.7,4,0.9,0,0,3,1.9,2,0.7,0
McAdamCreek22,RR,8,0.5,0,0,1,0.8,3,1.2,0,0,4,2.1,1,0.6,0
McAdamCreek22,RR,9,1,0,0,2,0.7,3,1.1,0,0,4,1.6,3,0.6,0
McAdamCreek22,RR,10,1.5,0,0,1,0.7,3,0.4,0,0,5,2.8,0,0,0
McAdamCreek21,RA,1,1,0,0,1,0.5,2,0.5,0,0,2,1.5,2,0.2,0
McAdamCreek21,RA,2,1,0,0,1,0.5,2,0.2,0,0,2,1.7,2,0.3,0
McAdamCreek21,RA,3,0.5,0,0,2,1.7,2,0.8,0,0,2,0.3,1,0.6,0
McAdamCreek21,RA,4,3,0,0,2,0.4,2,0.9,0,0,2,1.2,1,0.3,0
McAdamCreek21,RA,5,1.5,2,2.8,1,0.3,3,1.4,0,0,2,1.9,1,0.5,0
McAdamCreek21,RR,6,1,0,0,3,1,2,2.2,0,0,4,3.3,0,0,0
McAdamCreek21,RR,7,1.5,4,5,2,1.3,2,1.7,0,0,3,5.4,2,0.6,0
McAdamCreek21,RR,8,8,0,0,5,10.2,3,1.5,0,0,1,2.6,1,0.7,0
McAdamCreek21,RR,9,3,0,0,5,10.1,3,3.1,0,0,3,2.2,0,0,0
McAdamCreek21,RR,10,1,0,0,3,0.8,1,1.4,0,0,4,2.3,0,0,0
